nome;data_nascimento;area;posicao;formacao;genero;lider;qtd_liderados;custo_mensal
Rebeca Teixeira;22/03/1973;Jurídico;Gerente;Tecnólogo;Feminino;0;0;5340
Calebe Correia;14/03/1974;Marketing;Diretor;Fundamental;Feminino;0;0;8628
Lucas Pinto;22/10/1986;Financeiro;Analista;Graduação;Feminino;0;0;5141
Gustavo Cardoso;17/08/1978;Vendas;Estagiário;Doutorado;Feminino;1;30;14894
Leandro Dias;27/06/1965;Vendas;Estagiário;Fundamental;Feminino;0;0;13246
Sr. João Guilherme Ribeiro;09/04/1972;Jurídico;C-level;Doutorado;Feminino;1;2;11384
Luiz Henrique Caldeira;02/01/1969;Financeiro;C-level;Fundamental;Feminino;0;0;7497
Lavínia Novaes;26/03/1986;Jurídico;Estagiário;Doutorado;Feminino;0;0;16166
Isabelly Gomes;18/09/1985;Logística;Assistente;Doutorado;Masculino;0;0;4959
Guilherme Porto;11/11/1964;Logística;Coordenador;Ensino Médio;Feminino;0;0;16456
Vicente Moraes;20/10/1989;RH;Analista;Ensino Médio;Feminino;0;0;16412
Arthur Silva;08/10/1993;TI;Diretor;Ensino Médio;Masculino;0;0;14262
Sarah Gomes;10/02/1977;Jurídico;C-level;Fundamental;Feminino;0;0;17751
João Guilherme Rocha;16/07/1998;Financeiro;Estagiário;Doutorado;Feminino;0;0;6561
Thiago Azevedo;31/03/1983;RH;Estagiário;Mestrado;Masculino;0;0;6133
Elisa Silva;14/08/1963;Logística;Diretor;Tecnólogo;Feminino;1;25;16945
João Guilherme Barbosa;28/06/1997;Financeiro;Analista;Mestrado;Masculino;0;0;10369
Bruna Peixoto;05/05/2007;RH;Gerente;Fundamental;Masculino;0;0;14706
Melissa Cardoso;31/10/1968;Jurídico;Estagiário;Graduação;Feminino;0;0;15188
Antônio Pinto;16/11/1990;Jurídico;C-level;Doutorado;Masculino;0;0;4022
Dr. Lucas Gabriel Pires;09/08/1974;Jurídico;Coordenador;Fundamental;Masculino;0;0;12198
Maria Eduarda Moreira;08/07/1968;Marketing;Assistente;Graduação;Feminino;0;0;8572
Dra. Gabrielly Cunha;01/05/1985;Jurídico;Gerente;Tecnólogo;Feminino;0;0;8293
Brenda Pereira;04/12/1960;TI;Analista;Graduação;Masculino;0;0;9363
Srta. Lívia Martins;18/04/1981;Financeiro;Diretor;Tecnólogo;Feminino;0;0;4728
Lara Cunha;16/04/1965;Jurídico;C-level;Ensino Médio;Masculino;0;0;15842
Dr. Paulo Lima;22/02/1968;Produção;C-level;Graduação;Feminino;0;0;8641
Gabrielly Souza;04/11/1968;Vendas;Assistente;Doutorado;Masculino;1;2;15349
Ryan Ferreira;27/03/2005;Financeiro;Diretor;Ensino Médio;Masculino;0;0;3992
Miguel Cunha;15/10/1991;Operações;Assistente;Mestrado;Masculino;0;0;9885
Maria Vitória Alves;20/04/1987;Operações;Diretor;Graduação;Masculino;0;0;11478
Gustavo Henrique Silveira;10/05/1993;Jurídico;C-level;Ensino Médio;Feminino;0;0;11461
Ryan Barbosa;23/06/1993;Jurídico;Analista;Fundamental;Feminino;0;0;11037
Renan Cavalcanti;01/07/1986;Produção;Estagiário;Ensino Médio;Feminino;0;0;5888
Larissa Novaes;10/01/1960;Logística;Diretor;Ensino Médio;Feminino;1;36;10406
Felipe Barros;03/03/1966;Financeiro;Analista;Fundamental;Feminino;0;0;12844
Melissa Moreira;08/04/1968;RH;Assistente;Mestrado;Feminino;0;0;18745
Pietro Lopes;02/12/1999;RH;Diretor;Mestrado;Feminino;0;0;12616
Francisco da Rosa;14/04/1964;Produção;Coordenador;Fundamental;Masculino;0;0;8437
Sr. Enzo Gabriel Moreira;28/11/1986;Operações;Coordenador;Tecnólogo;Masculino;0;0;6227
Luigi Freitas;10/06/1985;Financeiro;Gerente;Fundamental;Feminino;0;0;6426
Pedro Miguel Nogueira;06/05/1983;Vendas;Gerente;Fundamental;Masculino;0;0;11340
Gustavo Henrique Moura;09/03/1995;Jurídico;Gerente;Mestrado;Masculino;0;0;17459
Camila Ferreira;31/08/1992;Marketing;Coordenador;Mestrado;Masculino;0;0;2759
Alexia Barbosa;19/04/1961;TI;Coordenador;Tecnólogo;Feminino;0;0;16256
Kamilly Moraes;15/04/1992;Marketing;Assistente;Mestrado;Masculino;0;0;18715
João Vitor Nascimento;10/01/1988;Marketing;Coordenador;Mestrado;Feminino;1;21;10389
Alana Campos;08/12/1995;TI;Diretor;Ensino Médio;Feminino;0;0;8902
Sra. Amanda da Mata;16/06/1976;RH;Diretor;Mestrado;Masculino;0;0;5742
Rebeca da Rosa;18/12/1962;Jurídico;Coordenador;Fundamental;Masculino;0;0;16500
Bianca Moura;11/02/1972;Vendas;Gerente;Tecnólogo;Feminino;0;0;19085
Joaquim Teixeira;30/03/1995;TI;Analista;Graduação;Masculino;0;0;9720
Maria Vitória Campos;17/03/1997;Vendas;Estagiário;Doutorado;Feminino;0;0;13190
Luiz Gustavo Silva;04/10/1995;Operações;Estagiário;Ensino Médio;Masculino;0;0;8811
João Guilherme Moreira;23/12/1998;Logística;Diretor;Ensino Médio;Feminino;0;0;18825
Sophia Pinto;30/07/2004;Financeiro;C-level;Mestrado;Feminino;0;0;17541
Sra. Marina Gomes;22/03/1963;Marketing;Diretor;Graduação;Masculino;0;0;2702
Maria Alice Gonçalves;18/11/2005;Financeiro;Estagiário;Ensino Médio;Masculino;0;0;6682
Nicolas Almeida;31/01/1982;TI;Analista;Mestrado;Masculino;1;28;13230
Maria Sophia Moreira;19/05/1989;TI;C-level;Graduação;Feminino;0;0;9008
Mariana Monteiro;01/03/1978;Vendas;Analista;Fundamental;Masculino;0;0;15225
Maria Lopes;25/11/2001;Jurídico;Gerente;Fundamental;Masculino;0;0;9793
Srta. Maria Eduarda da Mata;01/10/1963;Jurídico;Diretor;Ensino Médio;Masculino;0;0;18596
Luiz Henrique Rodrigues;11/11/1977;Produção;Analista;Tecnólogo;Masculino;1;25;11756
Sr. Matheus Moura;19/06/1978;RH;Estagiário;Doutorado;Feminino;0;0;2453
Francisco Sales;10/12/1988;TI;Gerente;Mestrado;Feminino;0;0;4789
Sophie Rodrigues;25/05/1967;Jurídico;Diretor;Tecnólogo;Masculino;0;0;5169
Davi Luiz Araújo;14/11/1969;Operações;Gerente;Fundamental;Masculino;0;0;4838
Eloah Santos;03/04/1964;Operações;Coordenador;Ensino Médio;Feminino;0;0;19976
Marina da Paz;13/01/1968;Produção;Analista;Doutorado;Feminino;0;0;10026
Danilo da Paz;29/01/1989;Financeiro;Estagiário;Tecnólogo;Masculino;0;0;15413
Bryan Gonçalves;12/11/1962;Jurídico;C-level;Graduação;Feminino;0;0;11694
Ana Viana;14/07/1996;Produção;Analista;Fundamental;Masculino;1;15;19464
Letícia Melo;24/01/1976;Jurídico;Estagiário;Tecnólogo;Feminino;0;0;12796
Maysa da Mota;07/02/1967;Financeiro;Coordenador;Doutorado;Feminino;0;0;9443
Mirella Freitas;06/06/1970;Logística;Estagiário;Ensino Médio;Masculino;0;0;10598
Stephany Nunes;10/08/2006;RH;Estagiário;Tecnólogo;Feminino;0;0;11710
Mariane Porto;30/11/2000;Financeiro;Estagiário;Doutorado;Feminino;0;0;19801
Dra. Maria Julia Castro;31/10/1995;TI;Coordenador;Tecnólogo;Feminino;0;0;6660
Sra. Bruna Carvalho;05/01/1983;Jurídico;Diretor;Doutorado;Feminino;1;42;16578
Dra. Sophia Souza;26/02/1995;RH;Coordenador;Ensino Médio;Masculino;0;0;12268
Isabella Martins;27/01/1962;RH;Assistente;Ensino Médio;Masculino;0;0;15419
André da Rosa;31/08/1994;Operações;Diretor;Mestrado;Feminino;0;0;16237
Diogo Ribeiro;25/09/1974;Marketing;C-level;Mestrado;Masculino;0;0;17645
Lucca Sales;02/08/1993;TI;Analista;Graduação;Masculino;1;13;12866
Júlia Pereira;26/09/1985;Produção;Gerente;Mestrado;Feminino;0;0;15970
Pedro da Costa;07/04/1969;TI;Coordenador;Fundamental;Masculino;0;0;8486
Maria Fernanda Moura;02/11/1975;Marketing;Assistente;Mestrado;Masculino;0;0;15784
Bryan Pires;17/04/1967;Logística;C-level;Ensino Médio;Feminino;0;0;9526
Yago Monteiro;05/04/2007;TI;Analista;Doutorado;Masculino;0;0;11440
Noah Gomes;29/01/1976;RH;Assistente;Doutorado;Feminino;0;0;4262
Caio Araújo;17/12/1989;Logística;Gerente;Doutorado;Masculino;0;0;5295
Dr. Davi Lucca Barros;12/06/2004;Jurídico;Coordenador;Ensino Médio;Feminino;0;0;3586
Sophie Viana;21/06/1985;Produção;Assistente;Fundamental;Masculino;0;0;3161
Pietra Cunha;23/07/1964;Jurídico;Gerente;Graduação;Masculino;0;0;19179
Esther Castro;26/10/1968;RH;Gerente;Ensino Médio;Masculino;1;15;17685
Kamilly da Cunha;08/05/2000;Operações;Assistente;Ensino Médio;Masculino;0;0;15898
Antônio da Cruz;09/07/1991;Financeiro;C-level;Doutorado;Masculino;0;0;14271
Carolina Ribeiro;27/06/1994;Operações;Estagiário;Doutorado;Masculino;0;0;7438
Maria Clara Ribeiro;29/04/1986;Logística;Analista;Fundamental;Masculino;0;0;7588
Helena Vieira;26/12/1986;Jurídico;Estagiário;Mestrado;Masculino;0;0;11080
Thiago Correia;13/01/2000;Produção;C-level;Ensino Médio;Feminino;0;0;5159
Mirella Nogueira;15/04/1978;RH;Assistente;Tecnólogo;Feminino;0;0;17567
Srta. Clarice Rocha;19/07/1969;TI;Gerente;Fundamental;Masculino;0;0;14425
Ana Luiza Souza;30/06/1963;TI;Diretor;Ensino Médio;Feminino;0;0;11227
Bruna Campos;14/06/1992;Financeiro;Assistente;Ensino Médio;Feminino;1;22;16872
João Felipe Viana;21/11/1990;Produção;Diretor;Tecnólogo;Masculino;0;0;18409
Dr. Samuel Freitas;02/04/1989;RH;Assistente;Fundamental;Feminino;0;0;14094
Sr. Lucas Aragão;15/08/1999;RH;C-level;Tecnólogo;Masculino;0;0;19523
Bruno da Rocha;15/02/1999;Logística;C-level;Mestrado;Masculino;1;48;14837
João Pedro Novaes;27/10/1983;Produção;Diretor;Tecnólogo;Feminino;1;5;9336
Eduarda da Conceição;30/09/1996;TI;Diretor;Doutorado;Feminino;1;42;19974
Lorena Aragão;17/10/2006;Produção;Assistente;Fundamental;Feminino;0;0;16525
Dra. Júlia Fogaça;23/09/1999;RH;C-level;Tecnólogo;Feminino;1;31;18050
Ana Júlia da Luz;05/08/1977;Logística;Estagiário;Tecnólogo;Masculino;0;0;8597
Gabrielly Nascimento;27/02/2002;Produção;Diretor;Doutorado;Feminino;0;0;5873
Alexia Rodrigues;21/04/2000;Vendas;Estagiário;Ensino Médio;Feminino;0;0;14605
Marcos Vinicius Caldeira;04/02/2003;Jurídico;C-level;Graduação;Feminino;0;0;12417
Ana Sophia Alves;15/10/1984;Operações;C-level;Doutorado;Masculino;0;0;4556
Luiza Moraes;14/09/1970;Marketing;Gerente;Fundamental;Feminino;0;0;15351
Dr. Pedro Henrique Cavalcanti;06/03/1981;Produção;Analista;Tecnólogo;Masculino;0;0;11528
Enrico Moura;25/09/2005;Logística;Gerente;Tecnólogo;Masculino;0;0;15516
Lucca Moura;15/09/1985;Produção;Coordenador;Ensino Médio;Masculino;0;0;19384
Milena Cunha;07/09/1979;Produção;Analista;Fundamental;Feminino;1;45;17925
Caroline Rodrigues;04/05/1960;Logística;Assistente;Fundamental;Masculino;0;0;19405
Isabelly Oliveira;04/01/1961;Jurídico;Estagiário;Tecnólogo;Masculino;0;0;16308
Augusto Correia;07/05/1979;Operações;C-level;Tecnólogo;Masculino;0;0;18579
Alana Viana;23/07/1986;RH;Assistente;Mestrado;Feminino;0;0;17812
João Alves;01/04/1978;TI;Coordenador;Mestrado;Feminino;1;30;6958
Isabelly Correia;05/10/1975;RH;C-level;Doutorado;Feminino;0;0;17768
Srta. Stella Azevedo;27/12/1983;Logística;C-level;Doutorado;Masculino;0;0;18732
Dr. Bruno Melo;30/08/1972;Vendas;Gerente;Fundamental;Feminino;0;0;16746
Gabriela Fernandes;01/02/1986;Produção;Analista;Ensino Médio;Feminino;1;16;12007
Noah Rodrigues;27/09/1963;Logística;Gerente;Graduação;Masculino;0;0;10051
Daniel Oliveira;09/09/1964;Logística;Diretor;Mestrado;Masculino;0;0;5631
Carolina Ferreira;28/09/1998;Operações;Gerente;Mestrado;Masculino;0;0;2626
Maria Sophia Barbosa;21/08/1986;Vendas;Assistente;Tecnólogo;Feminino;0;0;16869
Maria Eduarda da Luz;12/05/2007;Financeiro;Coordenador;Ensino Médio;Masculino;0;0;19490
Pietro Cunha;10/10/1992;Logística;Assistente;Mestrado;Masculino;0;0;6402
Joaquim Fogaça;29/05/1961;Jurídico;Diretor;Mestrado;Feminino;0;0;13940
Dr. Luiz Fernando Silveira;13/08/2001;RH;Diretor;Graduação;Feminino;1;21;12091
Benício Ferreira;18/05/1994;RH;Coordenador;Mestrado;Masculino;1;43;6026
Davi Luiz Campos;14/03/1965;Financeiro;Estagiário;Fundamental;Masculino;0;0;6746
Sophie Cardoso;06/10/2000;Vendas;Diretor;Doutorado;Feminino;0;0;13552
Helena Jesus;29/01/1960;Jurídico;Assistente;Ensino Médio;Feminino;1;44;18732
Isis Farias;07/02/1983;Produção;Gerente;Fundamental;Masculino;1;37;16238
Daniela Nunes;07/07/1995;RH;Diretor;Ensino Médio;Masculino;0;0;10713
Breno Freitas;26/01/1968;RH;Analista;Tecnólogo;Feminino;0;0;14722
Ana Julia Ramos;25/12/2006;Marketing;Analista;Tecnólogo;Feminino;0;0;15279
Maria Eduarda Souza;08/06/1997;TI;C-level;Doutorado;Feminino;0;0;9741
Sra. Eduarda Aragão;23/03/2001;Vendas;Analista;Doutorado;Feminino;0;0;14284
Dra. Maria Costa;16/10/1976;Logística;Analista;Tecnólogo;Masculino;0;0;11419
Eduarda Alves;03/06/1970;Vendas;Assistente;Graduação;Feminino;1;7;7728
Benjamin Sales;05/07/1980;Marketing;Analista;Graduação;Masculino;1;36;2675
Augusto da Rocha;20/08/1964;Jurídico;Estagiário;Doutorado;Masculino;0;0;13000
Augusto Ramos;09/12/2005;Marketing;Gerente;Fundamental;Feminino;1;32;6868
Maria Clara da Costa;30/04/2005;Operações;C-level;Fundamental;Masculino;0;0;4299
Dr. Guilherme Jesus;30/09/2002;Logística;Assistente;Mestrado;Feminino;0;0;19465
Olivia Moura;27/03/2005;RH;C-level;Graduação;Masculino;0;0;5353
Sarah Cavalcanti;06/11/1994;Marketing;C-level;Fundamental;Masculino;0;0;11824
Bárbara Nogueira;05/06/1976;Produção;Assistente;Mestrado;Feminino;0;0;7498
Ana Clara Ribeiro;10/02/1994;Operações;Estagiário;Ensino Médio;Feminino;0;0;14331
Sra. Isabella Moura;09/02/1971;RH;C-level;Tecnólogo;Masculino;0;0;6918
Matheus Nunes;19/05/1966;Vendas;Analista;Mestrado;Masculino;0;0;6424
Leandro da Mata;18/06/1990;TI;C-level;Mestrado;Masculino;0;0;11672
Davi Lucca Pinto;25/05/1993;Financeiro;Coordenador;Fundamental;Feminino;0;0;19296
Gabrielly Lopes;14/10/1996;Vendas;Analista;Tecnólogo;Feminino;0;0;3445
Manuela Lima;15/04/1961;Operações;Analista;Mestrado;Masculino;0;0;7936
Pedro Duarte;24/08/1980;TI;Assistente;Mestrado;Masculino;0;0;17559
Milena Fernandes;11/07/1989;TI;Diretor;Doutorado;Masculino;0;0;8585
Pedro Henrique Mendes;02/06/1981;Marketing;Estagiário;Fundamental;Masculino;0;0;17380
Marcos Vinicius Cardoso;06/02/1996;Financeiro;Analista;Doutorado;Masculino;0;0;5903
Luiz Otávio Vieira;04/02/1993;Jurídico;Estagiário;Doutorado;Masculino;0;0;7991
Sr. Gustavo Henrique Sales;10/09/1993;Logística;C-level;Doutorado;Feminino;1;13;16582
Caio Silva;14/01/1994;Logística;Diretor;Fundamental;Feminino;0;0;18748
Melissa Rodrigues;01/06/1980;Marketing;Estagiário;Graduação;Feminino;1;32;9772
Ana Clara Viana;16/11/1949;Logística;Coordenador;Graduação;Feminino;0;0;19499
Luiza Moreira;19/07/1981;Operações;C-level;Ensino Médio;Feminino;0;0;17723
Ana Beatriz Rezende;01/11/1989;Jurídico;Diretor;Ensino Médio;Masculino;0;0;19887
Bruno Martins;07/05/2001;Produção;Coordenador;Doutorado;Masculino;0;0;2075
Cauê Silveira;28/01/1980;Operações;Estagiário;Doutorado;Masculino;0;0;17668
Julia da Conceição;18/11/1989;Marketing;Analista;Tecnólogo;Feminino;0;0;3882
Vitor Hugo Nogueira;22/02/1984;Produção;Analista;Doutorado;Masculino;0;0;2640
Yago Costela;22/11/1996;Financeiro;Gerente;Doutorado;Masculino;0;0;19962
Lorena Moraes;10/11/1961;Jurídico;Analista;Fundamental;Masculino;0;0;5278
Bryan Rocha;10/02/1971;Vendas;Estagiário;Tecnólogo;Masculino;0;0;12096
Sr. Luiz Miguel Melo;24/09/1987;Jurídico;C-level;Ensino Médio;Masculino;0;0;14390
Rebeca da Mota;05/11/1997;Operações;C-level;Mestrado;Masculino;1;18;4215
Pedro Miguel Sales;12/10/1989;Vendas;Coordenador;Fundamental;Masculino;0;0;9077
Melissa Oliveira;09/07/2001;TI;Estagiário;Mestrado;Masculino;0;0;16012
Alexia Duarte;15/09/1997;Jurídico;Assistente;Graduação;Feminino;0;0;7128
Carlos Eduardo Martins;26/06/1976;Logística;Estagiário;Graduação;Feminino;0;0;14734
Maria Julia Cavalcanti;21/01/1973;Operações;Assistente;Tecnólogo;Feminino;0;0;5145
Alice Porto;14/05/1973;RH;Coordenador;Ensino Médio;Feminino;0;0;10365
Danilo Martins;04/07/1990;Financeiro;Estagiário;Ensino Médio;Feminino;1;14;5216
Arthur das Neves;14/03/1999;Financeiro;Analista;Graduação;Masculino;0;0;9747
Cauê Cardoso;03/01/1991;Financeiro;C-level;Mestrado;Masculino;0;0;9148
Dra. Alexia Vieira;14/01/1961;Jurídico;Assistente;Ensino Médio;Feminino;0;0;5380
Heitor Carvalho;07/02/1978;TI;Analista;Mestrado;Feminino;1;21;15464
Julia Carvalho;27/06/2001;Vendas;Coordenador;Tecnólogo;Masculino;0;0;7749
Theo da Rocha;16/09/1972;RH;Analista;Tecnólogo;Masculino;0;0;18174
Murilo Carvalho;24/08/1973;Vendas;Analista;Tecnólogo;Masculino;0;0;16188
Maria Sophia Cardoso;09/01/1995;Financeiro;Coordenador;Doutorado;Feminino;0;0;18375
Srta. Milena Freitas;17/11/1981;TI;Coordenador;Mestrado;Masculino;0;0;17628
Bernardo Pires;22/11/1975;RH;Assistente;Doutorado;Feminino;0;0;4423
Davi da Rocha;31/12/1995;TI;Assistente;Ensino Médio;Feminino;0;0;12228
Dra. Maria Vitória Pires;11/05/1980;Vendas;Analista;Ensino Médio;Feminino;0;0;8735
Juliana Porto;29/03/1995;RH;Coordenador;Graduação;Feminino;1;2;15308
Sr. Alexandre Gonçalves;01/12/1968;RH;Gerente;Fundamental;Feminino;0;0;8567
Luana da Paz;10/05/1985;Produção;Coordenador;Ensino Médio;Feminino;0;0;13957
Maitê Viana;09/05/1990;RH;Diretor;Graduação;Masculino;1;25;16366
Ian Lopes;21/02/1986;Logística;Diretor;Mestrado;Feminino;0;0;14408
Renan Moura;29/07/2000;Jurídico;Assistente;Fundamental;Masculino;0;0;2665
Evelyn Moraes;05/10/1998;Vendas;Estagiário;Fundamental;Masculino;1;7;3009
Cauê Ferreira;04/11/1970;Financeiro;Coordenador;Ensino Médio;Feminino;0;0;12340
Ana Carolina Santos;30/04/1999;RH;Gerente;Graduação;Masculino;1;25;17456
Larissa Fernandes;11/12/1972;Produção;C-level;Ensino Médio;Masculino;1;17;16355
Bruna Duarte;27/04/1990;Produção;Analista;Graduação;Masculino;0;0;17578
Pedro Lucas Rezende;21/07/1978;TI;Assistente;Graduação;Masculino;0;0;2347
Pedro da Rocha;21/07/1997;Produção;Estagiário;Mestrado;Masculino;0;0;6554
Bryan Nunes;28/07/1965;TI;Estagiário;Tecnólogo;Masculino;1;34;4565
Bruna Novaes;16/09/1990;Marketing;Analista;Tecnólogo;Feminino;1;48;15467
Theo Teixeira;04/01/1995;RH;C-level;Mestrado;Feminino;0;0;8286
Ana Julia Silveira;16/08/1969;Produção;Gerente;Ensino Médio;Masculino;0;0;12036
Carolina da Rosa;21/09/1992;Logística;Estagiário;Fundamental;Masculino;0;0;5195
João Vitor Silva;26/05/1983;Marketing;Gerente;Doutorado;Feminino;0;0;2960
Laís Sales;06/03/2007;RH;Estagiário;Ensino Médio;Feminino;0;0;5488
Enzo Gabriel Ramos;27/06/1963;Vendas;Analista;Doutorado;Masculino;0;0;18472
João Lucas Gomes;12/07/1983;Produção;Assistente;Doutorado;Feminino;1;40;12212
Mariane Araújo;16/10/1986;Produção;Diretor;Mestrado;Feminino;0;0;18565
Vicente Freitas;23/12/1949;TI;Coordenador;Graduação;Feminino;0;0;11965
João Felipe Gomes;19/08/2003;Logística;Assistente;Mestrado;Masculino;1;47;16057
Felipe Ramos;23/10/1970;Financeiro;Analista;Tecnólogo;Masculino;0;0;4389
Emanuel da Mota;09/09/1980;RH;Estagiário;Fundamental;Masculino;0;0;8970
Maria Luiza Nascimento;23/11/1962;Produção;Assistente;Ensino Médio;Masculino;0;0;17538
Nicole da Rosa;13/07/1969;Marketing;Coordenador;Graduação;Feminino;0;0;11901
Dr. Bruno Silveira;06/05/1995;Operações;Gerente;Mestrado;Masculino;0;0;7952
Sabrina da Cunha;06/11/1967;TI;Coordenador;Doutorado;Feminino;0;0;12511
Bernardo Fogaça;31/01/1960;Financeiro;C-level;Ensino Médio;Feminino;0;0;10642
Matheus Jesus;15/09/1962;Jurídico;Gerente;Ensino Médio;Masculino;0;0;19726
Alícia da Cruz;30/11/1999;RH;Diretor;Mestrado;Masculino;0;0;13672
Rebeca Moreira;07/07/2005;Marketing;C-level;Fundamental;Masculino;1;17;13353
Dr. Erick Campos;24/07/1997;Financeiro;Analista;Doutorado;Masculino;1;18;17928
Júlia Porto;15/04/1976;Operações;Diretor;Fundamental;Masculino;1;23;7008
Nathan Rodrigues;21/08/1997;Produção;Diretor;Graduação;Masculino;1;47;18066
Marcela Santos;14/11/1960;TI;Analista;Fundamental;Masculino;1;14;16754
Júlia Gomes;20/07/1996;Operações;C-level;Tecnólogo;Masculino;0;0;8965
Miguel Lima;07/04/1970;Marketing;Coordenador;Fundamental;Masculino;0;0;17887
Ana Laura Azevedo;13/01/1989;Produção;Estagiário;Graduação;Feminino;0;0;14327
Emanuella Ramos;17/06/1960;Produção;C-level;Tecnólogo;Feminino;0;0;3018
Marcelo Novaes;21/07/2000;Vendas;Assistente;Ensino Médio;Feminino;0;0;4037
João Guilherme Barros;02/05/1981;TI;Gerente;Doutorado;Masculino;1;10;18745
Emanuelly Souza;30/11/1984;Jurídico;C-level;Fundamental;Masculino;0;0;16392
Ana Vitória da Mata;08/09/2003;RH;Coordenador;Graduação;Feminino;1;30;18364
Júlia Santos;25/07/2000;Vendas;Gerente;Graduação;Feminino;0;0;10930
Júlia Farias;17/09/1981;Logística;Assistente;Doutorado;Feminino;1;31;2240
Milena Cardoso;23/09/1960;RH;Estagiário;Tecnólogo;Masculino;1;3;3053
Carolina da Cruz;26/12/1966;Jurídico;Assistente;Mestrado;Feminino;0;0;8730
Rafael da Cruz;03/09/1962;Vendas;Analista;Ensino Médio;Masculino;0;0;18583
Caio Ramos;09/05/2006;Jurídico;Coordenador;Graduação;Masculino;0;0;10787
Marcelo Cardoso;11/07/1985;Logística;Assistente;Mestrado;Masculino;0;0;3965
Enzo Silva;22/05/2007;TI;C-level;Tecnólogo;Masculino;0;0;11528
Fernando Freitas;20/10/1949;Financeiro;Assistente;Mestrado;Feminino;0;0;15473
Nicole Gomes;11/12/1962;Vendas;Estagiário;Fundamental;Masculino;0;0;15033
João Gabriel Silveira;16/03/1965;TI;C-level;Tecnólogo;Masculino;0;0;16806
Alexia Moreira;18/04/1979;Financeiro;Analista;Graduação;Masculino;0;0;12100
Davi Luiz Duarte;11/01/1979;Operações;Assistente;Fundamental;Masculino;0;0;16900
Ana Beatriz Lopes;17/04/1979;Jurídico;Coordenador;Mestrado;Feminino;0;0;10904
João Miguel Fogaça;27/01/1994;TI;Coordenador;Mestrado;Masculino;1;15;15243
Cauã Pereira;21/06/1966;Produção;Diretor;Doutorado;Masculino;0;0;6568
Srta. Ana Júlia da Mota;18/12/1977;Operações;Assistente;Tecnólogo;Masculino;0;0;19530
Juliana Souza;03/04/1976;RH;Coordenador;Doutorado;Masculino;0;0;4285
Maria Luiza Moreira;22/03/2005;TI;Analista;Graduação;Feminino;0;0;12936
Juan Nogueira;06/06/2006;Operações;Gerente;Ensino Médio;Masculino;0;0;11939
Gustavo Henrique da Luz;20/10/1986;Marketing;C-level;Fundamental;Feminino;0;0;8579
Levi Freitas;11/05/1974;Marketing;C-level;Doutorado;Masculino;1;18;3566
Leonardo Almeida;05/02/2002;Operações;Assistente;Fundamental;Masculino;1;15;15824
Marcelo Nascimento;27/11/1995;Operações;Estagiário;Fundamental;Masculino;0;0;11623
Isabelly Moreira;12/07/1987;Marketing;Analista;Graduação;Feminino;0;0;2656
Sr. Levi Moraes;17/04/1962;Logística;Coordenador;Mestrado;Feminino;0;0;15951
Rebeca da Conceição;10/09/1979;Operações;Assistente;Tecnólogo;Feminino;1;37;4141
Luiz Miguel da Mota;02/03/1990;TI;Analista;Tecnólogo;Masculino;0;0;10022
Lorenzo Pires;13/05/1992;Vendas;Assistente;Ensino Médio;Masculino;0;0;2915
Letícia Castro;03/11/1975;TI;Estagiário;Fundamental;Feminino;0;0;3933
Srta. Maria Vitória Dias;07/11/1997;Financeiro;Analista;Tecnólogo;Feminino;0;0;15876
Lorenzo das Neves;30/04/1962;Operações;Coordenador;Doutorado;Masculino;0;0;3106
Antônio Ramos;23/10/2000;Produção;Assistente;Tecnólogo;Feminino;0;0;19428
Maria Sophia Rezende;18/08/1980;Jurídico;Coordenador;Ensino Médio;Feminino;0;0;6194
Amanda Santos;07/04/1978;Financeiro;Analista;Mestrado;Feminino;0;0;3850
Valentina Duarte;14/07/1973;RH;Assistente;Tecnólogo;Feminino;1;41;18649
Maria Sophia da Cunha;22/03/1973;TI;Analista;Doutorado;Masculino;0;0;14484
Guilherme Viana;14/07/1980;Logística;Gerente;Doutorado;Feminino;0;0;6005
Antônio Viana;21/03/1966;Jurídico;Assistente;Tecnólogo;Masculino;0;0;15490
Gabriela Alves;30/05/1977;Logística;Analista;Tecnólogo;Masculino;0;0;5973
Sra. Ana Sophia Farias;01/06/1989;Produção;Assistente;Fundamental;Masculino;0;0;8945
Pedro Lucas da Cunha;21/10/1983;Operações;C-level;Graduação;Feminino;0;0;7807
Marina Alves;10/04/1973;Logística;Assistente;Mestrado;Masculino;0;0;5903
Valentina da Conceição;20/08/1967;Logística;Coordenador;Ensino Médio;Masculino;0;0;9237
Lívia Duarte;17/06/1975;Produção;Analista;Doutorado;Masculino;0;0;7397
Enrico Cunha;03/10/2005;Produção;Coordenador;Graduação;Masculino;0;0;19745
Henrique da Mata;12/09/1976;TI;Assistente;Graduação;Feminino;0;0;8221
Ana Sophia Moreira;17/12/1991;Vendas;C-level;Mestrado;Feminino;0;0;4077
Milena Moreira;04/06/1994;Jurídico;Diretor;Mestrado;Masculino;0;0;11449
Luiza Aragão;22/07/1995;Financeiro;Coordenador;Fundamental;Feminino;0;0;16872
Alana Farias;01/11/1980;Produção;Gerente;Fundamental;Feminino;1;22;16501
Danilo Melo;23/09/1995;Produção;Gerente;Fundamental;Masculino;1;4;11289
Sra. Julia Freitas;08/02/1975;Vendas;Estagiário;Ensino Médio;Feminino;0;0;4275
Nicolas Souza;09/10/1986;Marketing;Gerente;Ensino Médio;Masculino;1;14;2817
Davi Lucas Rocha;15/11/1964;Financeiro;Diretor;Tecnólogo;Masculino;0;0;13573
Maria Clara Lopes;26/09/2006;Logística;Diretor;Tecnólogo;Masculino;0;0;6866
Murilo Barros;01/08/1961;Logística;Coordenador;Tecnólogo;Feminino;0;0;3017
Ana Júlia Silva;11/02/1993;Logística;C-level;Mestrado;Masculino;1;32;11409
Sr. Luiz Henrique Jesus;11/07/1989;Vendas;Analista;Tecnólogo;Feminino;0;0;4952
Juan Mendes;05/03/1982;TI;C-level;Fundamental;Feminino;0;0;6403
Thiago Rodrigues;13/12/1991;Vendas;C-level;Mestrado;Feminino;0;0;9727
Srta. Elisa Ferreira;07/07/2006;Operações;Coordenador;Fundamental;Masculino;1;34;17579
João Lucas Oliveira;06/07/1962;RH;Estagiário;Graduação;Feminino;0;0;13202
Maria Vitória Cardoso;13/12/1976;TI;C-level;Mestrado;Masculino;0;0;18161
Luiz Felipe das Neves;17/10/1984;Jurídico;Gerente;Ensino Médio;Feminino;0;0;16989
Bryan Ferreira;12/01/1974;TI;Estagiário;Doutorado;Masculino;0;0;12344
Rafaela Freitas;16/09/1979;TI;Analista;Doutorado;Masculino;0;0;11338
Pietra Cardoso;10/04/1991;Operações;Estagiário;Doutorado;Feminino;0;0;15057
Sra. Cecília Costela;14/12/1967;RH;Diretor;Ensino Médio;Masculino;0;0;11390
Vinicius Nunes;30/07/1988;Financeiro;Assistente;Ensino Médio;Feminino;0;0;18996
Raul Lopes;10/06/1991;Jurídico;C-level;Ensino Médio;Masculino;0;0;13168
Srta. Maria Alice Farias;11/07/1999;RH;Assistente;Tecnólogo;Masculino;1;31;19593
Raquel Mendes;06/01/1966;Logística;Estagiário;Doutorado;Feminino;0;0;10092
Marina Silveira;09/02/1978;Financeiro;C-level;Graduação;Masculino;1;18;17349
Miguel Correia;01/09/1987;Vendas;Gerente;Doutorado;Masculino;1;38;6040
Alícia Santos;02/10/1997;Logística;Estagiário;Tecnólogo;Masculino;0;0;17428
Isis Nogueira;30/01/1979;Marketing;Gerente;Tecnólogo;Masculino;0;0;13695
Diego Farias;07/09/2001;Logística;Analista;Graduação;Masculino;0;0;16893
João Vitor Lopes;29/04/2007;Logística;Assistente;Tecnólogo;Masculino;1;27;15781
Guilherme Cunha;19/04/1983;Jurídico;Coordenador;Mestrado;Masculino;1;40;9598
Mariana da Luz;31/07/2005;Financeiro;Estagiário;Graduação;Masculino;0;0;16803
Elisa Santos;15/07/1990;Marketing;Diretor;Doutorado;Masculino;0;0;19430
Gabriel Silveira;26/10/1975;Produção;Estagiário;Fundamental;Feminino;0;0;9438
Dr. Pedro Henrique Costa;01/07/1984;Jurídico;Estagiário;Tecnólogo;Feminino;0;0;17195
Maria Alice Pinto;04/04/1994;Logística;Coordenador;Graduação;Masculino;0;0;8019
Marcela da Rocha;18/10/1988;Jurídico;Analista;Fundamental;Feminino;1;3;18693
Melissa Novaes;08/05/1975;RH;Analista;Ensino Médio;Feminino;0;0;9511
Valentina Ribeiro;16/09/1962;Logística;Coordenador;Ensino Médio;Feminino;1;34;16819
Rafael da Rosa;18/01/1963;TI;Estagiário;Tecnólogo;Masculino;1;33;3803
Gabriela Pinto;26/02/1974;TI;Coordenador;Tecnólogo;Masculino;1;34;19175
Bryan Ribeiro;25/09/1983;Jurídico;C-level;Fundamental;Masculino;0;0;13721
Dr. Vitor Gabriel da Mata;06/03/1973;TI;Diretor;Ensino Médio;Feminino;0;0;9053
Murilo Aragão;28/02/1968;Marketing;Diretor;Graduação;Feminino;0;0;16376
Kamilly Lopes;11/12/1987;Produção;Diretor;Ensino Médio;Masculino;0;0;12934
Bernardo Silva;15/09/1962;Operações;Diretor;Ensino Médio;Masculino;0;0;12222
Diogo Campos;28/08/1994;Marketing;Assistente;Tecnólogo;Feminino;1;49;4098
Laura Lopes;21/09/2005;Operações;Diretor;Graduação;Masculino;0;0;4487
Luna da Cunha;12/06/2003;Marketing;Diretor;Doutorado;Masculino;0;0;13157
Miguel Moraes;16/01/1990;Operações;C-level;Doutorado;Feminino;0;0;3428
Ana Júlia Cardoso;22/01/1998;RH;Coordenador;Fundamental;Masculino;0;0;2950
Srta. Daniela Costela;05/09/1964;Produção;Coordenador;Ensino Médio;Masculino;0;0;15204
Davi Lucas Fogaça;30/08/1960;Marketing;Diretor;Doutorado;Masculino;0;0;13988
Felipe Rezende;14/08/1988;Operações;Assistente;Ensino Médio;Feminino;0;0;18974
Bianca Viana;01/02/1975;TI;Estagiário;Tecnólogo;Feminino;0;0;10966
Eduardo Costa;25/01/1962;Jurídico;Diretor;Fundamental;Feminino;1;29;14311
Anthony Souza;05/02/1965;Vendas;Estagiário;Graduação;Masculino;1;18;8138
Ana Sophia da Mata;09/04/1997;Financeiro;C-level;Ensino Médio;Feminino;0;0;12827
Sr. Luiz Otávio Barros;04/03/1983;Financeiro;Diretor;Graduação;Masculino;0;0;17927
Gustavo Campos;22/01/2000;Produção;Estagiário;Fundamental;Feminino;0;0;12229
Sofia Lopes;13/06/1998;Vendas;C-level;Graduação;Feminino;1;13;11453
Samuel da Mota;08/08/1998;Financeiro;Gerente;Fundamental;Feminino;0;0;6068
Mariane da Mata;13/10/1982;Operações;Gerente;Ensino Médio;Feminino;0;0;3441
Breno Araújo;15/01/2002;Logística;Assistente;Doutorado;Masculino;0;0;14171
Lavínia Lopes;11/02/1990;Financeiro;C-level;Doutorado;Feminino;0;0;14640
Enzo Gabriel Souza;18/11/1998;Jurídico;Analista;Ensino Médio;Masculino;0;0;16269
Sra. Isabelly Caldeira;25/01/1969;Logística;Coordenador;Tecnólogo;Feminino;0;0;6779
Enzo Gabriel da Cunha;13/09/1985;TI;C-level;Graduação;Masculino;1;12;17994
Samuel da Costa;14/05/1966;Marketing;C-level;Fundamental;Feminino;0;0;17282
Eloah Pires;21/08/2003;Logística;Analista;Ensino Médio;Feminino;0;0;2557
Esther Cavalcanti;18/01/1971;Marketing;Coordenador;Tecnólogo;Masculino;0;0;6244
Augusto Campos;29/05/1983;Jurídico;Estagiário;Mestrado;Masculino;0;0;17041
João Lucas Sales;27/09/1964;Marketing;Estagiário;Doutorado;Feminino;1;49;9792
Antônio Peixoto;04/06/1964;Produção;Coordenador;Graduação;Masculino;0;0;9163
Davi Luiz Rodrigues;20/12/1972;Financeiro;Diretor;Doutorado;Feminino;0;0;18189
Maria Alice Almeida;16/08/1989;Financeiro;Coordenador;Fundamental;Masculino;0;0;3540
Helena Gomes;03/10/2002;Marketing;Estagiário;Doutorado;Feminino;1;32;16789
Ana Clara Lopes;25/11/1968;Vendas;Diretor;Doutorado;Feminino;0;0;3791
Sr. Leonardo Castro;28/03/1985;TI;C-level;Doutorado;Feminino;0;0;7014
Rebeca Fogaça;06/05/1968;Marketing;Analista;Fundamental;Feminino;0;0;17554
Júlia da Paz;22/02/1987;Produção;Coordenador;Tecnólogo;Masculino;0;0;8004
Isabel Santos;17/02/1961;TI;Assistente;Ensino Médio;Masculino;0;0;8170
Isaac das Neves;03/11/1962;Vendas;Assistente;Tecnólogo;Masculino;0;0;19017
Srta. Juliana Almeida;29/03/2004;Marketing;C-level;Doutorado;Feminino;0;0;19450
Bianca Gonçalves;23/01/2003;Operações;C-level;Ensino Médio;Feminino;0;0;11235
Dr. Nathan da Mata;19/05/1975;RH;Gerente;Graduação;Feminino;0;0;6867
Calebe Alves;16/09/1976;Produção;Diretor;Mestrado;Feminino;0;0;11299
Emanuelly Peixoto;20/09/1989;RH;Diretor;Mestrado;Feminino;0;0;11817
Pietro da Conceição;19/05/1987;Jurídico;Diretor;Fundamental;Feminino;0;0;17868
Sra. Amanda Castro;05/03/1996;Vendas;Estagiário;Mestrado;Feminino;0;0;7696
Ana Nunes;16/11/1974;Jurídico;Coordenador;Doutorado;Feminino;1;36;13681
Ian Araújo;06/09/1991;TI;Gerente;Fundamental;Masculino;1;16;14370
João Pedro Correia;10/06/1949;Produção;C-level;Doutorado;Masculino;1;42;14152
Enrico Silveira;10/06/1960;TI;Coordenador;Graduação;Masculino;1;33;17344
Gustavo Viana;16/01/1969;Produção;C-level;Tecnólogo;Masculino;0;0;9570
André Rocha;10/11/2005;Vendas;Assistente;Graduação;Feminino;0;0;18682
Maitê Nunes;11/03/1992;Financeiro;Estagiário;Ensino Médio;Masculino;0;0;13432
Lucas Oliveira;02/03/2001;Marketing;Coordenador;Graduação;Masculino;0;0;16406
Gabriel Teixeira;01/05/1971;TI;Assistente;Mestrado;Feminino;0;0;7623
Maria Fernanda Correia;22/03/1966;Vendas;Estagiário;Graduação;Masculino;0;0;6552
Gabriela Novaes;04/03/1990;Financeiro;Estagiário;Doutorado;Masculino;0;0;15710
Carolina Melo;23/11/2002;Vendas;C-level;Doutorado;Feminino;0;0;16545
Bianca Correia;23/05/1981;Jurídico;Diretor;Fundamental;Feminino;1;17;11212
Maria Eduarda Correia;19/01/2005;TI;C-level;Ensino Médio;Masculino;0;0;12514
Evelyn Rezende;10/09/1986;Jurídico;Gerente;Tecnólogo;Masculino;1;26;4911
André Mendes;16/05/2004;Produção;Analista;Tecnólogo;Masculino;0;0;17190
Leonardo Porto;07/02/1986;Vendas;Estagiário;Fundamental;Feminino;0;0;5173
Henrique Pires;15/04/1985;Marketing;C-level;Fundamental;Feminino;0;0;4086
Rodrigo Sales;20/12/1992;Vendas;Analista;Doutorado;Feminino;0;0;4991
Bianca Silva;20/12/1994;Produção;Coordenador;Mestrado;Feminino;0;0;3517
Luna da Paz;01/03/1973;Operações;Diretor;Ensino Médio;Masculino;1;19;8076
Pedro Miguel Porto;16/02/1969;Vendas;Gerente;Doutorado;Feminino;0;0;11026
Ana Luiza Barbosa;20/07/2006;Produção;Diretor;Mestrado;Masculino;0;0;9929
Sr. Noah Lopes;27/10/1985;Financeiro;Analista;Fundamental;Feminino;0;0;2534
Bryan Lima;08/09/2006;Operações;Coordenador;Graduação;Feminino;0;0;17588
Brenda Pires;21/11/1998;RH;Coordenador;Doutorado;Feminino;1;43;5898
Rebeca Pereira;15/05/1973;RH;Diretor;Fundamental;Masculino;0;0;15290
Ana Sophia Rodrigues;29/05/2002;RH;Coordenador;Mestrado;Feminino;0;0;11754
Sr. Luigi Lima;19/01/1978;Vendas;Assistente;Graduação;Feminino;0;0;10763
Sra. Eloah Silveira;01/05/1978;Financeiro;Coordenador;Mestrado;Masculino;0;0;16491
Davi Lucas Melo;18/11/1995;Jurídico;Coordenador;Mestrado;Feminino;0;0;17481
Bárbara Monteiro;30/01/1990;Jurídico;Analista;Fundamental;Feminino;0;0;8881
Brenda Martins;10/01/1993;Operações;Analista;Doutorado;Masculino;0;0;19651
Isabelly Carvalho;31/10/1972;RH;Analista;Tecnólogo;Masculino;0;0;8459
Dr. Cauê Dias;07/04/2007;Financeiro;Estagiário;Ensino Médio;Masculino;0;0;16373
Thales Vieira;25/11/1962;RH;Estagiário;Fundamental;Masculino;0;0;3701
Dr. Luigi Aragão;18/12/1963;Jurídico;Gerente;Tecnólogo;Masculino;1;13;16416
Enzo Gabriel Porto;05/07/1980;Vendas;Gerente;Ensino Médio;Feminino;0;0;6289
Sophia Correia;16/07/2001;Produção;Diretor;Fundamental;Masculino;0;0;9950
Isaac da Rocha;15/01/1960;Vendas;C-level;Graduação;Masculino;0;0;13661
Vitor Gabriel Novaes;14/09/1974;RH;C-level;Ensino Médio;Feminino;0;0;17294
Ana Laura Aragão;21/04/2003;TI;Assistente;Tecnólogo;Feminino;1;18;19786
Sr. Breno da Paz;04/12/1976;TI;Coordenador;Graduação;Feminino;0;0;14589
Daniel Caldeira;13/07/1980;Jurídico;Estagiário;Fundamental;Feminino;0;0;9932
Sophie Porto;19/02/1997;RH;Diretor;Doutorado;Feminino;1;44;4357
Isabella Duarte;23/08/2000;Jurídico;Gerente;Doutorado;Feminino;1;36;16249
Maysa Porto;25/05/1970;TI;Coordenador;Graduação;Masculino;0;0;12528
Eloah Silva;29/10/1987;Jurídico;Analista;Ensino Médio;Feminino;0;0;18182
João Gabriel Costa;12/07/1982;Jurídico;C-level;Tecnólogo;Feminino;1;12;8305
Vitor Jesus;15/01/1969;Jurídico;Analista;Tecnólogo;Feminino;0;0;6847
Miguel da Mota;02/11/2004;Vendas;Gerente;Graduação;Feminino;0;0;7210
Clarice Moraes;04/09/1984;Produção;Diretor;Graduação;Feminino;0;0;14340
Gabriel Mendes;30/06/1962;Financeiro;Coordenador;Graduação;Feminino;0;0;19434
Maria Cecília Caldeira;24/02/2004;Marketing;Assistente;Mestrado;Feminino;0;0;3113
Vicente Dias;06/10/1965;TI;Analista;Tecnólogo;Masculino;0;0;10091
Evelyn Oliveira;20/08/2001;Operações;Analista;Mestrado;Feminino;0;0;11842
Isabel Novaes;27/12/1976;Marketing;Analista;Graduação;Masculino;0;0;14792
Ian Aragão;11/10/1996;Produção;C-level;Graduação;Feminino;0;0;10788
Elisa da Rocha;31/08/1987;Jurídico;Diretor;Ensino Médio;Masculino;0;0;13098
Gabrielly da Paz;15/04/2004;RH;Assistente;Tecnólogo;Feminino;0;0;16922
Otávio Cardoso;30/12/1969;Logística;Analista;Graduação;Masculino;1;39;16822
Maria da Luz;27/04/1988;Marketing;Assistente;Graduação;Masculino;0;0;10357
Raul Gonçalves;24/10/1996;Jurídico;Gerente;Doutorado;Masculino;0;0;11000
Pedro Santos;04/09/1966;Vendas;Assistente;Tecnólogo;Feminino;0;0;11291
Carolina Nunes;10/03/1975;TI;Assistente;Tecnólogo;Feminino;0;0;2000
Sarah Ribeiro;20/11/1977;TI;Analista;Ensino Médio;Masculino;0;0;15870
Pedro Henrique Pereira;16/04/1997;Marketing;Assistente;Graduação;Feminino;1;44;15348
Dr. Nathan Campos;18/04/1980;Logística;C-level;Tecnólogo;Feminino;0;0;4518
Miguel Lopes;18/07/2005;RH;C-level;Ensino Médio;Feminino;0;0;17110
Nina Teixeira;08/03/1980;Produção;Gerente;Mestrado;Feminino;1;36;9299
Juliana Oliveira;07/07/2002;Logística;Diretor;Doutorado;Masculino;0;0;17830
Olivia Ferreira;31/03/2003;TI;Coordenador;Graduação;Masculino;0;0;16135
Leandro Duarte;11/05/1984;Jurídico;Coordenador;Mestrado;Feminino;0;0;11779
Sarah Vieira;23/09/1984;Operações;Diretor;Ensino Médio;Feminino;0;0;3403
Dr. João Miguel Peixoto;16/07/1993;Logística;Coordenador;Fundamental;Feminino;0;0;17744
Sr. Vitor Gabriel Freitas;29/01/1984;Jurídico;Gerente;Ensino Médio;Feminino;1;13;9074
Isis Costa;15/09/1983;Financeiro;Estagiário;Graduação;Masculino;0;0;16589
Dra. Natália Gonçalves;27/03/1977;TI;Analista;Graduação;Feminino;0;0;13741
Ian Vieira;01/01/2005;RH;Estagiário;Graduação;Masculino;1;34;12397
Amanda da Mata;10/01/1990;Produção;Diretor;Mestrado;Feminino;0;0;10652
Pedro Lucas Moraes;13/09/1980;Logística;Estagiário;Graduação;Feminino;0;0;9154
Rebeca Caldeira;07/02/1996;Financeiro;Estagiário;Mestrado;Feminino;0;0;2159
Luiz Felipe Farias;09/04/1995;Logística;Analista;Graduação;Masculino;0;0;3811
Gabriela Azevedo;22/04/1993;Jurídico;Gerente;Graduação;Masculino;0;0;19422
Sra. Caroline Correia;20/12/2001;Vendas;C-level;Doutorado;Feminino;0;0;17674
Raul Duarte;09/11/2001;Operações;Assistente;Doutorado;Feminino;1;47;13464
Emilly Monteiro;17/11/2000;RH;Gerente;Mestrado;Feminino;0;0;14094
Sophia Sales;26/08/2003;Vendas;Gerente;Tecnólogo;Feminino;0;0;12370
Enzo da Luz;26/07/1960;Marketing;Coordenador;Tecnólogo;Masculino;0;0;17423
Rebeca Moura;21/07/2004;TI;Assistente;Tecnólogo;Feminino;0;0;8531
Sr. Luiz Otávio da Cruz;15/10/1995;Produção;Coordenador;Tecnólogo;Feminino;0;0;6711
Alice da Rosa;29/03/1966;Financeiro;Analista;Tecnólogo;Feminino;0;0;9051
Thiago da Conceição;23/04/2006;Jurídico;Estagiário;Graduação;Feminino;0;0;14739
Mariana Cardoso;15/07/1994;Vendas;Assistente;Tecnólogo;Feminino;0;0;13462
Eduardo Pereira;21/09/1971;Marketing;Gerente;Ensino Médio;Masculino;0;0;8813
Breno Cunha;14/01/1971;Logística;Diretor;Fundamental;Masculino;0;0;17654
Thiago Souza;15/01/1985;Vendas;Gerente;Ensino Médio;Masculino;0;0;7099
Rodrigo Dias;09/04/1992;Financeiro;Estagiário;Doutorado;Masculino;0;0;12574
João Lucas Peixoto;28/04/1998;Logística;Assistente;Tecnólogo;Feminino;0;0;9637
Isabel Ribeiro;20/12/1992;TI;Gerente;Fundamental;Masculino;1;20;2825
Igor Jesus;12/04/2007;Produção;Coordenador;Graduação;Masculino;1;6;6177
Sophia Rodrigues;07/09/1974;RH;Gerente;Ensino Médio;Feminino;0;0;13556
Sophie Ferreira;17/06/2001;Financeiro;Estagiário;Doutorado;Feminino;0;0;9481
Maria Sophia Ramos;18/12/1985;Produção;Assistente;Ensino Médio;Masculino;0;0;13381
Sophia da Rosa;15/08/1998;TI;C-level;Ensino Médio;Masculino;1;2;4449
Lavínia da Rocha;23/02/1999;RH;Gerente;Mestrado;Feminino;0;0;4960
Bianca Silveira;23/06/1972;TI;Analista;Graduação;Feminino;1;22;7096
Luiz Miguel Melo;15/03/1963;Jurídico;Analista;Mestrado;Feminino;0;0;10337
Vitória Gomes;05/07/1984;Jurídico;Gerente;Graduação;Masculino;1;49;3734
Fernanda Costa;26/10/1975;Operações;Estagiário;Fundamental;Masculino;0;0;19829
Cecília Aragão;17/05/1968;Logística;Coordenador;Graduação;Masculino;0;0;9838
Srta. Clarice Ribeiro;27/10/1999;Operações;Gerente;Fundamental;Feminino;0;0;7180
Vicente das Neves;02/08/1968;Vendas;C-level;Doutorado;Masculino;0;0;6989
Dra. Cecília Campos;03/06/1970;Jurídico;Analista;Ensino Médio;Masculino;0;0;13396
Evelyn Lopes;31/07/1989;Marketing;Diretor;Doutorado;Masculino;0;0;17979
Olivia Mendes;12/06/2006;Jurídico;Analista;Tecnólogo;Masculino;0;0;3404
Daniela Pereira;16/08/1970;Jurídico;Estagiário;Fundamental;Feminino;0;0;13150
Ana Carolina da Cunha;18/09/1983;Jurídico;Assistente;Fundamental;Masculino;1;25;9426
Bryan Azevedo;23/09/1969;Financeiro;C-level;Tecnólogo;Feminino;0;0;18721
Noah Costa;08/03/1963;Logística;Gerente;Ensino Médio;Masculino;0;0;6365
Dr. Luiz Fernando Rodrigues;03/02/1974;Financeiro;Gerente;Fundamental;Feminino;1;39;6275
Rafael Gonçalves;01/05/1973;Logística;Estagiário;Mestrado;Masculino;0;0;18775
Enzo Gabriel Caldeira;10/06/1974;Financeiro;Analista;Doutorado;Masculino;0;0;17662
Ana Vitória Rocha;31/07/1966;Jurídico;Assistente;Graduação;Masculino;0;0;10713
Luiz Fernando Martins;27/11/1984;Vendas;Diretor;Graduação;Feminino;0;0;19326
Antônio Melo;12/06/1976;Logística;Estagiário;Fundamental;Masculino;0;0;6865
Eduardo Souza;22/12/1961;TI;Diretor;Ensino Médio;Feminino;1;38;19823
Gustavo da Cunha;29/03/1982;Logística;Estagiário;Doutorado;Masculino;0;0;6717
Carlos Eduardo Azevedo;27/10/1949;Logística;Analista;Tecnólogo;Masculino;1;49;17074
Clarice Costa;30/09/2002;Produção;Gerente;Ensino Médio;Feminino;0;0;9563
Vitória Correia;11/08/1977;Jurídico;Diretor;Doutorado;Masculino;0;0;7185
Srta. Bianca Araújo;30/06/1974;Jurídico;C-level;Doutorado;Masculino;0;0;13430
Benício Moura;08/10/1966;Vendas;Analista;Graduação;Masculino;0;0;16339
Luiz Gustavo Oliveira;02/12/1981;RH;Assistente;Tecnólogo;Masculino;0;0;15973
Dr. Lucas Gabriel da Mata;27/08/1974;Vendas;Analista;Tecnólogo;Feminino;0;0;7653
Caroline da Luz;12/12/1985;Marketing;Estagiário;Graduação;Masculino;0;0;4388
Cauê Melo;08/07/1984;Operações;Coordenador;Fundamental;Feminino;1;7;19062
Sr. Nicolas Lima;29/04/1965;TI;Estagiário;Fundamental;Feminino;0;0;9514
Marcela Oliveira;23/09/1949;Logística;Estagiário;Graduação;Masculino;1;9;2815
João das Neves;12/05/2001;Logística;Coordenador;Tecnólogo;Feminino;0;0;4437
Henrique Alves;29/08/1961;Logística;Gerente;Fundamental;Feminino;0;0;12919
Eduardo Lima;13/01/1961;Marketing;Analista;Mestrado;Masculino;0;0;4319
Eloah da Cruz;01/12/1974;Jurídico;Assistente;Graduação;Masculino;0;0;6919
Diogo Novaes;14/04/1992;Financeiro;Estagiário;Doutorado;Feminino;0;0;10651
Marcos Vinicius Azevedo;25/01/1995;Jurídico;Estagiário;Tecnólogo;Masculino;0;0;9759
Leonardo da Luz;21/07/1967;Logística;Assistente;Doutorado;Feminino;0;0;15847
Srta. Heloísa Alves;21/03/2000;Logística;Gerente;Doutorado;Feminino;1;41;12688
Alexia da Rosa;02/05/1972;Jurídico;Gerente;Graduação;Feminino;0;0;8247
Rodrigo Correia;24/04/1976;TI;Estagiário;Graduação;Feminino;0;0;16789
Rafaela Souza;25/10/2006;Operações;Diretor;Doutorado;Feminino;0;0;12313
Renan Sales;14/07/2003;Produção;Diretor;Fundamental;Masculino;0;0;10584
Sra. Maysa Lopes;12/07/1987;RH;Coordenador;Doutorado;Masculino;0;0;11369
Laura da Conceição;14/01/1975;Logística;Gerente;Graduação;Feminino;0;0;10584
Maria Clara da Mata;29/05/1983;RH;Gerente;Fundamental;Masculino;0;0;12500
Isabel Cardoso;01/02/1960;Financeiro;Gerente;Tecnólogo;Feminino;0;0;14866
Dr. Pedro Lucas Lopes;19/08/1989;Produção;Diretor;Mestrado;Feminino;0;0;3235
Maria Cecília Nogueira;19/03/1983;Marketing;Coordenador;Tecnólogo;Feminino;0;0;19156
Helena Cardoso;18/07/2000;TI;Coordenador;Tecnólogo;Masculino;0;0;17456
Vinicius Vieira;25/04/1965;Operações;C-level;Graduação;Masculino;0;0;18222
Gustavo da Mata;09/01/1997;Produção;Gerente;Mestrado;Feminino;0;0;6910
Sra. Evelyn Moura;12/11/2001;Financeiro;Gerente;Tecnólogo;Feminino;0;0;15699
Maria da Rocha;15/04/1977;Operações;C-level;Mestrado;Feminino;0;0;9833
Bruno Correia;21/10/1997;Logística;C-level;Ensino Médio;Feminino;1;24;15554
Nathan da Mota;19/05/1962;Produção;Coordenador;Mestrado;Feminino;0;0;17288
Thales da Paz;10/11/1986;Financeiro;Estagiário;Ensino Médio;Masculino;0;0;19176
Yuri Alves;19/10/1974;Marketing;C-level;Fundamental;Masculino;0;0;12787
Breno Fogaça;09/12/1960;TI;Diretor;Doutorado;Feminino;1;16;19556
Dr. Henrique Cavalcanti;21/09/1949;TI;Analista;Graduação;Masculino;0;0;9823
Lavínia Moraes;16/08/1969;TI;Gerente;Fundamental;Feminino;0;0;7868
Luiz Gustavo Fernandes;01/12/2006;Marketing;Gerente;Graduação;Feminino;0;0;17264
Letícia Ramos;25/12/1973;Jurídico;Coordenador;Ensino Médio;Feminino;1;31;18844
Luiz Gustavo da Costa;24/12/2005;Marketing;Assistente;Tecnólogo;Masculino;0;0;6909
Stephany Mendes;24/01/2000;Vendas;Analista;Fundamental;Masculino;0;0;7211
Srta. Maria Fernanda Alves;05/06/1960;Operações;C-level;Tecnólogo;Feminino;0;0;19725
Samuel Cardoso;23/04/2001;TI;Gerente;Tecnólogo;Masculino;0;0;16878
Sra. Isabel Rezende;24/09/1987;Jurídico;Assistente;Tecnólogo;Feminino;0;0;17675
Lucas Gonçalves;21/07/1970;Financeiro;Diretor;Mestrado;Masculino;0;0;14059
Rafaela Rodrigues;24/07/1992;Marketing;Assistente;Doutorado;Masculino;0;0;8835
Catarina Farias;31/12/1990;Operações;Estagiário;Doutorado;Feminino;0;0;8030
Sophie Moura;12/06/1975;RH;C-level;Fundamental;Masculino;0;0;16747
Sarah Peixoto;21/11/1981;Produção;C-level;Doutorado;Masculino;1;7;15920
Dr. Davi Luiz da Cunha;27/05/1986;RH;Coordenador;Graduação;Masculino;0;0;5183
Cauã Alves;14/04/1971;Operações;Coordenador;Mestrado;Masculino;0;0;8373
Lorenzo da Cruz;12/11/1975;Operações;Estagiário;Doutorado;Masculino;1;33;14265
Raquel da Mota;22/01/1967;Operações;C-level;Mestrado;Masculino;0;0;8424
Igor Lima;20/01/1981;TI;Assistente;Doutorado;Feminino;0;0;14792
Luiza da Cruz;03/04/1987;Operações;Analista;Graduação;Feminino;0;0;2275
Dr. Juan da Cruz;22/06/1976;Logística;Assistente;Fundamental;Feminino;0;0;10672
Julia Rocha;14/11/2004;Jurídico;C-level;Doutorado;Masculino;0;0;12375
Agatha das Neves;12/09/1995;Operações;C-level;Doutorado;Feminino;0;0;9791
Marcos Vinicius Castro;24/07/1997;Logística;Coordenador;Ensino Médio;Masculino;0;0;5269
Dra. Emilly Nascimento;07/06/2000;TI;Analista;Tecnólogo;Feminino;0;0;17754
Maria Clara das Neves;05/07/1988;Financeiro;Estagiário;Fundamental;Feminino;0;0;10103
Dr. Joaquim Moraes;20/04/1967;RH;Assistente;Mestrado;Masculino;0;0;3878
Vicente Moreira;27/04/1979;Logística;Gerente;Tecnólogo;Masculino;0;0;6167
Henrique Farias;27/08/1994;Operações;C-level;Mestrado;Masculino;1;23;15653
Nicole Costela;30/09/1999;Marketing;Estagiário;Graduação;Masculino;0;0;15275
Lucca Oliveira;20/11/2003;Financeiro;Coordenador;Graduação;Masculino;0;0;14510
Igor Moraes;29/01/1978;RH;Estagiário;Graduação;Feminino;0;0;16586
Luiz Felipe Porto;21/09/1963;Jurídico;Analista;Fundamental;Masculino;0;0;19955
Sophie Moraes;29/07/1972;Jurídico;Coordenador;Doutorado;Masculino;0;0;15568
Yasmin Carvalho;04/08/1973;Operações;Gerente;Ensino Médio;Masculino;0;0;18020
Maria Fernanda Ribeiro;30/01/1997;Operações;Coordenador;Doutorado;Feminino;0;0;14329
Dra. Isadora Viana;21/12/1988;TI;Coordenador;Tecnólogo;Masculino;0;0;2389
Davi Lucca Rodrigues;19/07/1973;Jurídico;Assistente;Mestrado;Feminino;0;0;3834
Lucas Gabriel Peixoto;13/09/1965;TI;Coordenador;Tecnólogo;Masculino;0;0;19285
Marcos Vinicius Nascimento;19/05/1981;Logística;Coordenador;Fundamental;Feminino;0;0;9488
Anthony Ferreira;18/02/1991;Jurídico;Coordenador;Tecnólogo;Feminino;0;0;18519
Benício Novaes;15/08/1995;Financeiro;Analista;Mestrado;Masculino;0;0;18742
Ana Beatriz Dias;24/09/1963;Logística;Diretor;Mestrado;Feminino;0;0;10481
Srta. Ana Lima;09/07/1997;Operações;Estagiário;Mestrado;Masculino;1;36;19984
Lavínia Jesus;10/10/1999;Vendas;Coordenador;Ensino Médio;Feminino;0;0;9849
Sofia Novaes;18/03/1973;Logística;Diretor;Mestrado;Feminino;0;0;15027
Igor Azevedo;18/08/2004;Logística;Coordenador;Tecnólogo;Masculino;0;0;10902
Beatriz Pereira;22/08/1997;Vendas;Coordenador;Fundamental;Feminino;1;3;16197
Maria Vitória Teixeira;07/03/1985;Marketing;Analista;Graduação;Masculino;0;0;7884
Maysa Cardoso;03/07/1991;RH;Analista;Doutorado;Feminino;1;42;8695
Carolina da Cunha;03/10/1983;Jurídico;Gerente;Fundamental;Masculino;0;0;11815
Eloah Vieira;10/02/1960;Marketing;Coordenador;Graduação;Feminino;0;0;14472
Srta. Alice Farias;19/03/1961;Jurídico;Assistente;Ensino Médio;Masculino;1;11;14445
Alexia da Paz;22/12/1985;Operações;C-level;Fundamental;Feminino;0;0;17336
Vitor Gabriel da Costa;30/08/1999;Vendas;C-level;Tecnólogo;Masculino;0;0;8892
Lorena Moura;03/12/1986;Operações;Gerente;Mestrado;Feminino;1;26;2010
João Lucas Ferreira;19/03/1997;Jurídico;Assistente;Tecnólogo;Feminino;0;0;17031
Srta. Joana Lima;24/11/1975;RH;Coordenador;Doutorado;Masculino;0;0;2071
Ana Sophia Correia;08/08/2006;Operações;Gerente;Ensino Médio;Masculino;0;0;2241
Olivia Moreira;03/01/1974;Financeiro;Estagiário;Doutorado;Masculino;0;0;6445
Raul das Neves;25/01/1981;Produção;Assistente;Ensino Médio;Masculino;0;0;8218
Sr. João Guilherme Moreira;29/11/2003;Financeiro;Analista;Tecnólogo;Masculino;1;33;14680
Olivia Cavalcanti;21/11/1977;Marketing;Coordenador;Mestrado;Feminino;1;25;14603
Melissa da Luz;15/04/1972;Financeiro;Diretor;Graduação;Masculino;0;0;11315
Dra. Valentina Moura;11/11/1970;RH;Coordenador;Doutorado;Masculino;0;0;5523
Levi da Mota;12/02/1991;Jurídico;Estagiário;Tecnólogo;Feminino;1;18;3866
Miguel Peixoto;07/11/1986;Logística;Coordenador;Graduação;Feminino;0;0;15638
Mariane Monteiro;01/11/1992;Operações;Gerente;Tecnólogo;Feminino;0;0;4443
Júlia Vieira;21/06/1973;Operações;Coordenador;Ensino Médio;Masculino;0;0;11398
Lara Peixoto;18/01/1961;RH;Coordenador;Fundamental;Masculino;0;0;19668
Stella Cavalcanti;17/09/1973;RH;Assistente;Mestrado;Feminino;0;0;2133
Maria Vitória Nascimento;22/04/1975;Vendas;Estagiário;Doutorado;Masculino;0;0;11698
Ana Júlia Almeida;03/03/1990;Produção;Assistente;Graduação;Feminino;1;23;5155
Agatha Freitas;03/11/1990;Logística;Diretor;Tecnólogo;Feminino;0;0;17123
Emilly Correia;15/04/1991;Operações;C-level;Tecnólogo;Feminino;0;0;14351
Breno Sales;27/07/1999;Produção;Assistente;Tecnólogo;Masculino;0;0;17507
Dr. João Guilherme Porto;31/12/1966;Marketing;Assistente;Mestrado;Masculino;0;0;14517
Emanuel Souza;06/02/1977;Financeiro;Coordenador;Doutorado;Feminino;0;0;8949
Pedro Lucas Gomes;08/07/1987;Vendas;Coordenador;Tecnólogo;Feminino;0;0;19848
Alice da Luz;18/06/1987;Vendas;C-level;Mestrado;Feminino;0;0;14292
Sarah Farias;25/08/2000;Produção;Analista;Ensino Médio;Feminino;1;36;11316
Sr. João Alves;21/04/1972;Financeiro;Gerente;Fundamental;Masculino;0;0;13205
Larissa Ribeiro;28/01/1998;RH;Estagiário;Graduação;Feminino;1;44;6102
Camila Alves;23/05/1995;Marketing;C-level;Mestrado;Masculino;0;0;19987
Luiz Henrique da Paz;23/10/1977;Jurídico;Gerente;Mestrado;Masculino;0;0;9111
Sr. Thomas Gonçalves;23/11/1963;Jurídico;C-level;Ensino Médio;Feminino;0;0;7864
Felipe Souza;29/01/1989;TI;Coordenador;Ensino Médio;Masculino;0;0;3217
Luiz Miguel Aragão;12/01/1961;Marketing;Assistente;Doutorado;Masculino;0;0;16226
Laís Nunes;02/09/1971;Jurídico;Assistente;Mestrado;Masculino;0;0;19002
Pedro Lucas Nogueira;13/01/1967;Financeiro;Diretor;Ensino Médio;Feminino;1;29;15978
Esther Rezende;10/02/1994;Financeiro;C-level;Fundamental;Masculino;1;15;17021
Vicente Gomes;14/07/1990;Jurídico;C-level;Mestrado;Feminino;0;0;10516
Lavínia Barbosa;11/09/1989;RH;Assistente;Fundamental;Masculino;0;0;12144
Ana Carolina Vieira;18/05/1961;RH;C-level;Fundamental;Feminino;0;0;14843
Ana Carolina Castro;05/01/1983;Produção;C-level;Ensino Médio;Feminino;0;0;2196
Sr. Rodrigo Jesus;01/05/1974;Vendas;Gerente;Tecnólogo;Masculino;0;0;4308
Brenda Duarte;15/09/2002;Financeiro;Coordenador;Fundamental;Feminino;0;0;4567
Stephany Gomes;25/11/1977;RH;C-level;Tecnólogo;Masculino;0;0;8885
Srta. Mariane da Cruz;09/12/1973;TI;Analista;Doutorado;Masculino;0;0;14769
Dr. Juan Barros;19/03/1999;Logística;Assistente;Doutorado;Masculino;0;0;19799
Lucca Fernandes;09/08/1967;Operações;Estagiário;Graduação;Masculino;0;0;5952
Sr. Luiz Gustavo Lima;20/09/1978;RH;Coordenador;Ensino Médio;Masculino;1;25;6040
Sra. Elisa da Mata;09/09/1999;Operações;Diretor;Mestrado;Masculino;0;0;19544
Enzo das Neves;09/04/2000;Operações;C-level;Graduação;Masculino;1;32;12382
Sra. Caroline Peixoto;25/11/2000;Operações;Diretor;Doutorado;Feminino;0;0;12651
Clara Duarte;30/03/1997;Jurídico;Estagiário;Tecnólogo;Masculino;0;0;14448
Nathan Novaes;14/01/1997;Marketing;Analista;Fundamental;Masculino;0;0;12440
Luiza Fogaça;10/03/1982;RH;C-level;Fundamental;Masculino;0;0;11077
Pedro Lucas Costa;14/04/1998;Marketing;Assistente;Ensino Médio;Masculino;0;0;14657
Srta. Eduarda Costela;21/04/1977;RH;Estagiário;Doutorado;Feminino;0;0;12095
Dr. Diego Cunha;07/09/1980;Jurídico;Gerente;Doutorado;Masculino;0;0;2136
Erick da Rocha;04/08/1996;Produção;C-level;Doutorado;Masculino;1;33;4383
Luiz Miguel Souza;20/01/2001;Marketing;Analista;Tecnólogo;Masculino;0;0;7278
Mariane Barros;08/05/1980;Produção;Estagiário;Mestrado;Feminino;0;0;10477
Srta. Lívia Cunha;14/03/2004;RH;C-level;Mestrado;Masculino;0;0;19521
Maysa Nascimento;26/05/2002;Produção;Gerente;Fundamental;Masculino;0;0;15669
Dr. Kevin Pires;14/12/1979;Jurídico;Analista;Ensino Médio;Feminino;0;0;18805
Helena Costa;21/05/1980;Jurídico;Gerente;Ensino Médio;Feminino;0;0;16800
Yago Melo;10/03/1972;TI;Coordenador;Mestrado;Feminino;1;23;15908
Isadora Cavalcanti;07/06/1991;Financeiro;Coordenador;Mestrado;Masculino;0;0;6754
Thales Monteiro;05/06/1996;Marketing;Coordenador;Tecnólogo;Masculino;0;0;8867
Emanuella Duarte;23/12/2004;Operações;Analista;Doutorado;Masculino;0;0;14447
Caio Rodrigues;11/06/1991;Produção;Diretor;Tecnólogo;Feminino;0;0;3459
Isabel Moraes;08/09/2004;Marketing;Gerente;Tecnólogo;Feminino;0;0;14585
Yago Silva;08/10/1961;RH;Gerente;Fundamental;Masculino;0;0;19180
Caio da Cunha;17/04/1961;Produção;Gerente;Fundamental;Masculino;0;0;14563
Sra. Maria Luiza Teixeira;29/05/1975;Financeiro;Assistente;Ensino Médio;Masculino;1;6;5270
Sr. Gabriel da Paz;02/04/1972;Jurídico;Coordenador;Ensino Médio;Masculino;0;0;10354
Gustavo Rodrigues;15/02/1960;Vendas;Coordenador;Fundamental;Masculino;1;46;10605
Dr. Marcelo Fogaça;09/11/2004;Financeiro;Coordenador;Tecnólogo;Masculino;0;0;7358
Maria Cecília Sales;04/02/1970;Produção;Estagiário;Ensino Médio;Feminino;0;0;10676
Dr. Fernando Correia;22/05/1976;Vendas;Diretor;Tecnólogo;Masculino;0;0;3629
Brenda Silva;12/08/1990;Financeiro;Estagiário;Fundamental;Feminino;1;1;10011
Rebeca Carvalho;13/03/1980;Marketing;Diretor;Mestrado;Feminino;0;0;18841
Dr. João Gabriel Almeida;13/06/1989;Marketing;Coordenador;Tecnólogo;Masculino;0;0;16652
Elisa Cardoso;08/06/1996;Operações;C-level;Doutorado;Feminino;0;0;19454
Laís Peixoto;09/05/1985;RH;Gerente;Graduação;Masculino;0;0;14625
Luiz Otávio Cardoso;08/08/1967;Operações;C-level;Ensino Médio;Masculino;0;0;16671
Renan Nogueira;03/10/1989;Jurídico;Analista;Mestrado;Feminino;0;0;2926
Benício Barbosa;20/01/2000;Marketing;Analista;Ensino Médio;Masculino;0;0;14336
Dr. Vitor Gabriel Nogueira;02/07/1991;Vendas;Estagiário;Ensino Médio;Feminino;0;0;2015
Luiz Miguel Jesus;30/01/1963;Financeiro;Gerente;Doutorado;Feminino;0;0;6362
João Felipe Moraes;05/08/2002;Operações;Analista;Graduação;Feminino;0;0;2136
Sophie Martins;06/09/1971;Operações;Coordenador;Graduação;Feminino;1;39;4850
Luna Fernandes;07/01/1976;Financeiro;Gerente;Doutorado;Feminino;0;0;17592
Isabel Lopes;26/07/1961;Operações;Assistente;Graduação;Masculino;0;0;8126
Yasmin Rodrigues;14/04/1964;Marketing;Analista;Doutorado;Feminino;0;0;15492
Rafaela da Costa;11/06/1984;Jurídico;Estagiário;Ensino Médio;Masculino;0;0;17973
Ana Laura Correia;26/04/1973;TI;Gerente;Doutorado;Feminino;0;0;9618
Vicente Lima;16/01/1984;Financeiro;Estagiário;Doutorado;Feminino;0;0;12673
Maria Vitória Costa;26/02/1998;Produção;Estagiário;Tecnólogo;Feminino;0;0;2011
Srta. Joana Silva;06/01/2002;Vendas;C-level;Ensino Médio;Feminino;0;0;12491
Alícia Aragão;22/12/1979;RH;Gerente;Doutorado;Masculino;0;0;15087
Murilo Almeida;15/02/2005;TI;Analista;Graduação;Feminino;0;0;9122
Letícia Freitas;12/11/1997;RH;Assistente;Fundamental;Feminino;0;0;6298
Mirella Farias;11/06/1964;Marketing;Coordenador;Mestrado;Feminino;0;0;3130
Arthur Martins;05/05/1987;Logística;Diretor;Tecnólogo;Masculino;0;0;12102
Luiz Otávio Costa;09/02/1986;TI;Assistente;Mestrado;Feminino;0;0;6958
Yuri Rocha;24/05/1992;TI;Diretor;Doutorado;Feminino;0;0;6927
Diogo Cavalcanti;27/06/1976;Jurídico;Estagiário;Ensino Médio;Masculino;0;0;11834
Eduardo Duarte;27/05/1970;TI;Gerente;Mestrado;Feminino;1;32;2822
Natália da Costa;11/06/1981;Produção;C-level;Tecnólogo;Feminino;0;0;10365
Letícia da Mata;14/01/1978;Logística;Coordenador;Doutorado;Masculino;0;0;12833
Maria Cecília Oliveira;29/12/1976;Jurídico;Diretor;Graduação;Masculino;0;0;8454
Dr. Diogo Moraes;30/05/1981;Marketing;Analista;Doutorado;Feminino;1;27;8202
Ana Beatriz Pinto;17/06/1986;Financeiro;Analista;Tecnólogo;Feminino;0;0;14886
Rodrigo Nascimento;11/06/1995;Marketing;Estagiário;Tecnólogo;Masculino;1;10;8323
Maria Alice Souza;02/12/2004;RH;Diretor;Graduação;Masculino;0;0;2642
Ian Fogaça;20/09/1997;Financeiro;Assistente;Doutorado;Masculino;0;0;5591
Maria Julia Vieira;30/03/1992;Marketing;Analista;Doutorado;Masculino;1;12;10425
Ryan Cardoso;28/09/1965;Financeiro;Estagiário;Graduação;Feminino;1;15;10813
Isabelly Costela;28/10/1960;Produção;Estagiário;Graduação;Feminino;0;0;5945
Vitor da Rosa;06/02/1963;Vendas;Analista;Fundamental;Feminino;1;11;4582
Emanuella Oliveira;26/08/1973;Marketing;Coordenador;Tecnólogo;Feminino;0;0;10873
Otávio Sales;11/07/1978;Jurídico;Coordenador;Fundamental;Masculino;0;0;10419
Felipe Gomes;05/03/1981;Operações;Gerente;Mestrado;Feminino;0;0;10332
Calebe Porto;07/09/1992;Produção;Analista;Ensino Médio;Masculino;0;0;17327
Ana Luiza Lima;18/06/1990;TI;Assistente;Fundamental;Masculino;0;0;11122
Pedro Lucas Silveira;29/04/1973;RH;Diretor;Mestrado;Feminino;0;0;4215
Benjamin Cunha;30/03/1974;Vendas;Gerente;Fundamental;Feminino;1;33;11160
Nathan Porto;10/08/1975;Operações;Analista;Graduação;Masculino;0;0;11072
Nathan Nunes;28/12/2004;Financeiro;C-level;Ensino Médio;Masculino;1;44;3472
Rebeca Barbosa;20/04/1976;Logística;Diretor;Tecnólogo;Masculino;1;32;3309
Julia da Mota;19/04/1980;Jurídico;Assistente;Mestrado;Masculino;1;2;2679
Luiz Fernando Fogaça;27/09/1979;Operações;Analista;Fundamental;Feminino;0;0;7671
Milena Lima;09/09/1974;RH;Assistente;Tecnólogo;Feminino;0;0;14942
Sr. Thales da Luz;17/03/2003;TI;Estagiário;Tecnólogo;Feminino;1;13;16690
Yuri da Paz;18/11/1978;TI;Estagiário;Fundamental;Feminino;0;0;12197
Alice Fernandes;19/05/1970;Operações;Gerente;Doutorado;Masculino;0;0;18169
Dra. Helena Nogueira;17/09/1968;Vendas;Analista;Ensino Médio;Feminino;1;48;13095
Cecília Porto;07/10/1968;Marketing;Estagiário;Doutorado;Feminino;0;0;18746
Camila Teixeira;31/12/1994;Marketing;Gerente;Tecnólogo;Feminino;0;0;17682
Dra. Sabrina da Cunha;17/10/1965;Jurídico;C-level;Ensino Médio;Feminino;0;0;4421
Davi Luiz Vieira;18/02/1960;Jurídico;Assistente;Doutorado;Masculino;0;0;4245
Evelyn da Cruz;04/12/1963;Vendas;Coordenador;Fundamental;Feminino;0;0;5379
Beatriz da Rocha;26/04/2003;Vendas;C-level;Doutorado;Masculino;1;38;15573
Luiz Gustavo Costela;16/06/2005;Jurídico;Analista;Graduação;Feminino;0;0;5951
Clarice Rocha;07/08/1996;Vendas;Analista;Doutorado;Masculino;1;15;3170
Dr. Luigi Silva;21/02/1981;Vendas;Assistente;Doutorado;Feminino;0;0;4862
Mariana Almeida;15/11/1991;Jurídico;Gerente;Ensino Médio;Masculino;0;0;14117
Ana Cunha;27/09/1975;Marketing;Coordenador;Fundamental;Feminino;1;14;12383
Rebeca Azevedo;24/01/1960;RH;Diretor;Graduação;Feminino;1;30;11392
Pedro Henrique Farias;01/11/1973;Produção;Coordenador;Ensino Médio;Feminino;0;0;11539
Pietra Ferreira;16/12/1980;RH;C-level;Fundamental;Feminino;0;0;7685
Thomas Oliveira;15/10/1960;Operações;Coordenador;Tecnólogo;Masculino;0;0;9435
Gabriela Campos;17/04/1975;TI;Assistente;Doutorado;Masculino;0;0;7216
Sra. Olivia Porto;03/07/2000;RH;Coordenador;Graduação;Feminino;0;0;13177
Caroline Peixoto;18/11/1987;Logística;Estagiário;Graduação;Feminino;0;0;19214
Carlos Eduardo Silveira;13/10/1996;Vendas;C-level;Tecnólogo;Masculino;1;20;9329
Diego Cunha;22/02/1976;Logística;Analista;Graduação;Feminino;0;0;10889
Maria Clara da Rosa;04/02/1989;Logística;Diretor;Tecnólogo;Feminino;1;31;2194
Sofia Lima;07/12/1995;Jurídico;Coordenador;Tecnólogo;Feminino;0;0;12806
Davi Castro;21/05/1996;TI;Assistente;Tecnólogo;Masculino;0;0;15665
Luiz Miguel Peixoto;27/02/1967;RH;Analista;Mestrado;Masculino;1;6;15242
Dra. Isabelly Barbosa;15/03/1979;Operações;Estagiário;Fundamental;Masculino;0;0;3361
Levi Farias;23/12/1961;Logística;Estagiário;Tecnólogo;Feminino;1;33;7687
Maria Dias;06/05/1979;TI;C-level;Tecnólogo;Masculino;0;0;10267
Stella Freitas;08/06/1995;Logística;Gerente;Graduação;Masculino;0;0;17064
Danilo Alves;16/06/1977;TI;Coordenador;Graduação;Feminino;0;0;12520
Dr. Pedro Henrique Rodrigues;29/01/2006;Financeiro;Assistente;Mestrado;Masculino;1;30;14823
Lorenzo Peixoto;06/04/2002;Financeiro;Gerente;Fundamental;Masculino;0;0;13429
Daniela Ribeiro;21/06/2004;RH;Coordenador;Fundamental;Feminino;0;0;2522
Vitor da Cruz;04/12/1961;Financeiro;C-level;Fundamental;Masculino;0;0;19731
Nicole Fogaça;05/12/1996;Operações;Analista;Fundamental;Feminino;0;0;19435
Luiz Gustavo Duarte;13/02/1968;Operações;Analista;Ensino Médio;Masculino;0;0;10638
Manuela Fernandes;26/10/1983;Produção;Analista;Fundamental;Feminino;0;0;15217
Diego Rodrigues;27/05/1967;Financeiro;Estagiário;Mestrado;Masculino;0;0;15416
Davi Lucca Farias;08/11/1949;Financeiro;Assistente;Fundamental;Feminino;0;0;5230
Ana Júlia Vieira;25/08/2003;RH;Assistente;Mestrado;Feminino;1;34;13214
Cauã Sales;01/02/1962;Operações;Assistente;Graduação;Masculino;0;0;11058
Yago Almeida;12/07/2003;Logística;Estagiário;Tecnólogo;Masculino;0;0;13411
Marina Duarte;26/02/1976;Operações;Assistente;Graduação;Masculino;0;0;18593
Ana Júlia Barbosa;31/10/1998;Logística;Assistente;Mestrado;Masculino;0;0;10265
Kaique Aragão;30/03/1963;Financeiro;Coordenador;Doutorado;Masculino;1;29;3414
Ana Júlia das Neves;08/11/1994;Vendas;Assistente;Graduação;Masculino;0;0;14634
Valentina Oliveira;02/01/1983;TI;Assistente;Ensino Médio;Feminino;0;0;18824
Luiz Miguel Almeida;08/04/1987;Financeiro;Coordenador;Mestrado;Masculino;0;0;7834
Sr. Alexandre Nogueira;18/01/1981;Marketing;C-level;Fundamental;Masculino;0;0;19621
Carolina Barbosa;17/11/2002;Produção;Assistente;Tecnólogo;Feminino;0;0;3174
Dr. Daniel da Costa;16/01/1978;TI;Estagiário;Mestrado;Masculino;0;0;19665
Raquel Viana;26/10/1974;Jurídico;Estagiário;Fundamental;Masculino;0;0;2432
Murilo da Luz;01/08/1980;Produção;Analista;Fundamental;Feminino;0;0;3509
Fernando Santos;11/09/1973;TI;Gerente;Fundamental;Feminino;0;0;4661
Thomas Gonçalves;26/08/2001;Vendas;Estagiário;Ensino Médio;Masculino;0;0;14993
Dr. Bryan da Luz;27/10/1995;Operações;Analista;Fundamental;Feminino;1;34;15942
Luigi da Cruz;18/08/2005;Financeiro;C-level;Ensino Médio;Masculino;0;0;11809
Kaique Costela;23/09/1973;Marketing;Coordenador;Fundamental;Feminino;0;0;9447
Heloísa Pereira;06/09/2006;RH;Analista;Mestrado;Feminino;0;0;18346
Davi da Luz;20/11/2005;Logística;Estagiário;Graduação;Masculino;0;0;2632
Dra. Sarah Costela;19/08/1977;RH;Analista;Graduação;Masculino;0;0;17988
Sra. Evelyn Jesus;17/06/1991;Produção;Gerente;Fundamental;Feminino;0;0;8105
Bernardo Moura;07/03/1989;Financeiro;Analista;Graduação;Feminino;0;0;13245
Ana Clara Mendes;18/09/1971;TI;Diretor;Tecnólogo;Masculino;0;0;11165
Igor Pinto;07/05/1991;Logística;Assistente;Mestrado;Feminino;0;0;6626
Guilherme Freitas;15/07/1989;Operações;C-level;Mestrado;Masculino;0;0;7296
Enzo Peixoto;18/04/1968;Jurídico;Gerente;Fundamental;Feminino;0;0;2864
Thiago Ramos;27/03/1990;Vendas;Diretor;Tecnólogo;Masculino;0;0;17994
Dra. Pietra Barros;30/03/1997;Logística;C-level;Doutorado;Masculino;0;0;7058
Ana Luiza Cardoso;28/03/1990;Financeiro;Analista;Mestrado;Masculino;1;30;4887
Carlos Eduardo Mendes;26/11/1997;Operações;C-level;Mestrado;Masculino;0;0;15623
Marcela Barros;05/02/1968;Financeiro;Coordenador;Graduação;Feminino;0;0;19047
Dr. João Vitor Lima;04/12/1980;Logística;Analista;Tecnólogo;Masculino;1;18;13975
João Guilherme Aragão;29/04/1995;Financeiro;Estagiário;Ensino Médio;Masculino;0;0;11181
Lívia Oliveira;26/05/1975;TI;C-level;Ensino Médio;Feminino;0;0;7527
Emanuelly Rodrigues;26/11/1949;Marketing;Diretor;Graduação;Masculino;0;0;17177
Maysa Lima;22/01/2004;Produção;Gerente;Fundamental;Feminino;1;4;4948
Joaquim Caldeira;26/07/1970;Vendas;Estagiário;Doutorado;Feminino;0;0;2224
Maria Fernanda Monteiro;26/05/1978;RH;Coordenador;Fundamental;Feminino;0;0;4996
Calebe Cardoso;14/03/2005;Jurídico;Assistente;Tecnólogo;Feminino;0;0;12832
Nicolas Freitas;15/06/1996;TI;Diretor;Tecnólogo;Feminino;0;0;19531
Dra. Julia da Rocha;08/04/1990;Marketing;Gerente;Mestrado;Masculino;0;0;12508
Marcelo Monteiro;26/11/1993;Logística;Estagiário;Ensino Médio;Feminino;0;0;15188
Cauã Rodrigues;04/09/1990;Vendas;Estagiário;Doutorado;Masculino;0;0;19735
Sr. Lorenzo Barros;25/07/1979;RH;Estagiário;Doutorado;Feminino;0;0;8961
Lucas Gabriel Freitas;16/07/1998;Operações;C-level;Mestrado;Feminino;0;0;12190
Ana Teixeira;30/11/1982;Operações;C-level;Fundamental;Feminino;0;0;5189
Luiz Henrique Vieira;17/07/1983;Logística;Estagiário;Graduação;Feminino;0;0;17563
Dra. Maria Pinto;11/09/1970;Jurídico;Assistente;Fundamental;Masculino;0;0;3621
Ana Laura Araújo;27/04/2001;RH;Coordenador;Graduação;Feminino;0;0;8257
Cauê Azevedo;17/08/1996;Jurídico;Estagiário;Tecnólogo;Masculino;1;24;19408
Rafaela Santos;31/01/1981;RH;Analista;Graduação;Masculino;0;0;14190
Sra. Bárbara Carvalho;09/11/1960;Produção;Assistente;Graduação;Feminino;0;0;10237
Olivia Cunha;08/12/1992;Operações;Estagiário;Graduação;Masculino;0;0;12545
Caroline Nunes;26/03/1969;RH;Assistente;Ensino Médio;Masculino;0;0;10524
Ana Jesus;17/03/1976;Produção;Assistente;Doutorado;Feminino;0;0;2840
Nicolas Cavalcanti;18/03/2003;Produção;C-level;Tecnólogo;Masculino;0;0;7449
João Felipe Rocha;13/04/1985;Operações;Gerente;Doutorado;Feminino;0;0;3801
Sofia Nascimento;09/05/2000;Financeiro;Assistente;Ensino Médio;Masculino;0;0;17734
Diego Costa;09/12/1949;Vendas;C-level;Mestrado;Feminino;1;50;4273
Davi Barbosa;25/04/1967;Vendas;Assistente;Mestrado;Feminino;1;7;13916
Levi Moura;23/12/1967;Operações;Gerente;Fundamental;Masculino;0;0;18119
Raquel Cardoso;30/10/1973;Jurídico;C-level;Doutorado;Masculino;0;0;15109
Alice Fogaça;04/05/1999;Financeiro;Estagiário;Fundamental;Feminino;0;0;7211
Francisco Gonçalves;26/11/2001;Jurídico;Diretor;Doutorado;Feminino;0;0;17454
Srta. Gabrielly Carvalho;01/07/1986;RH;Estagiário;Fundamental;Feminino;0;0;11695
Pedro Silva;08/08/1979;Produção;Coordenador;Ensino Médio;Masculino;0;0;14177
João Lucas Dias;30/07/1985;Vendas;C-level;Ensino Médio;Feminino;1;23;18584
Maria Luiza Cardoso;13/01/1979;RH;Coordenador;Ensino Médio;Masculino;0;0;10618
Lucas Gabriel Mendes;13/04/1991;Marketing;Coordenador;Ensino Médio;Masculino;1;5;11563
Vitória da Cruz;21/10/2001;TI;Assistente;Fundamental;Feminino;1;50;13233
Noah Santos;08/02/1985;Logística;Coordenador;Doutorado;Masculino;0;0;11393
Sr. João Miguel Cardoso;05/01/1980;Produção;Analista;Tecnólogo;Feminino;1;27;3516
Sra. Nina Farias;13/05/1996;Marketing;Estagiário;Fundamental;Masculino;1;13;19826
Mariane Costa;01/08/1969;Operações;Estagiário;Mestrado;Feminino;1;40;9828
Bruna Alves;10/03/2004;Financeiro;Estagiário;Fundamental;Feminino;0;0;3038
Dr. Calebe Farias;14/04/1960;Logística;Diretor;Fundamental;Masculino;0;0;3635
Luiz Miguel Araújo;25/08/1992;Financeiro;Diretor;Graduação;Feminino;0;0;9587
Lucas Barbosa;20/07/1971;RH;Estagiário;Doutorado;Masculino;0;0;12966
Alícia da Rocha;22/02/1987;Logística;C-level;Doutorado;Masculino;0;0;5791
Augusto da Rosa;18/09/1981;Logística;Assistente;Tecnólogo;Masculino;0;0;17776
Nathan Costela;29/12/2003;RH;Coordenador;Fundamental;Feminino;0;0;17090
Ana Lívia da Cunha;31/12/1976;Marketing;Assistente;Mestrado;Feminino;0;0;7319
Dr. Vitor da Rosa;12/07/1964;Marketing;C-level;Doutorado;Feminino;0;0;16308
Amanda Pereira;21/11/1963;Jurídico;C-level;Ensino Médio;Feminino;0;0;17081
Maria Julia Fogaça;28/02/1963;Operações;Assistente;Graduação;Masculino;0;0;5325
Emanuel Freitas;06/08/1962;Produção;Gerente;Graduação;Feminino;1;41;6317
Mirella da Mata;16/08/1990;Vendas;Diretor;Fundamental;Masculino;0;0;12497
Sr. João Miguel Silveira;13/08/1978;Logística;Diretor;Fundamental;Feminino;0;0;3204
Julia da Cruz;28/01/1980;RH;Estagiário;Mestrado;Feminino;0;0;3495
Cecília da Rosa;10/09/2006;Jurídico;Diretor;Mestrado;Masculino;1;22;5979
Sr. Leonardo Freitas;17/11/1984;TI;Analista;Mestrado;Masculino;0;0;5151
Eduardo Viana;05/09/1971;Marketing;Diretor;Ensino Médio;Masculino;0;0;12704
Laura Nogueira;22/12/1974;Marketing;Analista;Graduação;Feminino;0;0;18765
Eduardo da Cruz;08/10/2002;Produção;C-level;Fundamental;Masculino;1;9;18043
Esther Correia;28/04/1990;Vendas;Coordenador;Mestrado;Masculino;0;0;14597
Eduardo Fernandes;04/12/1964;Operações;Analista;Graduação;Feminino;0;0;9893
Luiza Viana;09/11/1988;Jurídico;C-level;Ensino Médio;Masculino;0;0;19424
Ryan Ribeiro;13/03/1968;Jurídico;Analista;Fundamental;Masculino;0;0;17343
Diogo Caldeira;07/09/1960;TI;Coordenador;Ensino Médio;Masculino;0;0;3964
Sra. Ana Júlia Almeida;03/10/1963;Logística;Coordenador;Graduação;Feminino;0;0;13025
Ana da Cunha;05/12/1973;Logística;C-level;Ensino Médio;Feminino;0;0;3901
Sra. Júlia Pires;03/03/1960;Operações;Diretor;Mestrado;Masculino;1;43;15090
Sr. Arthur Jesus;26/02/1977;Jurídico;Diretor;Fundamental;Masculino;0;0;6383
Isabel da Paz;23/08/1976;TI;Gerente;Tecnólogo;Masculino;0;0;3039
Henrique Campos;01/05/1981;Marketing;Gerente;Ensino Médio;Masculino;0;0;18321
Eduarda Sales;10/08/1998;Produção;Analista;Tecnólogo;Masculino;0;0;7249
Vitor Nunes;02/03/1991;Vendas;C-level;Doutorado;Masculino;0;0;3198
Paulo da Costa;16/11/1960;Operações;Diretor;Mestrado;Feminino;0;0;13325
Sr. Vitor Hugo Azevedo;26/07/1962;Produção;Gerente;Ensino Médio;Masculino;1;23;18570
Heitor Almeida;18/10/1979;Marketing;Estagiário;Doutorado;Masculino;0;0;12264
Raquel Campos;25/02/1984;Jurídico;Estagiário;Graduação;Masculino;0;0;10155
Davi Luiz Moraes;29/08/1960;Operações;Gerente;Tecnólogo;Feminino;0;0;19071
Noah Gonçalves;20/02/1967;Vendas;Estagiário;Graduação;Feminino;0;0;16439
Dr. Luigi da Luz;26/12/1970;Produção;Coordenador;Graduação;Masculino;0;0;9903
Dr. Thales Costa;26/09/2002;TI;Assistente;Fundamental;Masculino;0;0;15759
Leandro Melo;08/03/2007;Vendas;Assistente;Tecnólogo;Feminino;0;0;15966
Kevin da Rosa;31/10/1995;Operações;Coordenador;Ensino Médio;Masculino;0;0;10355
Mirella Martins;10/11/1991;Jurídico;Gerente;Ensino Médio;Masculino;0;0;5778
Srta. Esther da Rocha;24/01/2001;Financeiro;Coordenador;Mestrado;Feminino;1;15;2060
Diego Duarte;26/05/1999;Marketing;Gerente;Ensino Médio;Feminino;0;0;7647
Julia Araújo;18/05/2006;Financeiro;Gerente;Graduação;Feminino;0;0;13678
Nicolas Pinto;05/04/1996;Financeiro;Assistente;Tecnólogo;Feminino;0;0;16532
Erick Cunha;09/06/1960;Vendas;Analista;Doutorado;Feminino;0;0;3529
Melissa Monteiro;16/08/2003;TI;Diretor;Mestrado;Masculino;0;0;16413
Maria Julia Farias;06/10/1993;Financeiro;Estagiário;Doutorado;Feminino;0;0;13092
Bianca Cunha;05/07/1971;RH;Analista;Ensino Médio;Feminino;0;0;4924
Murilo Araújo;31/10/1975;Marketing;Assistente;Fundamental;Masculino;0;0;14502
Srta. Bárbara da Costa;10/10/1969;Operações;Assistente;Fundamental;Feminino;0;0;8610
Emilly Cardoso;11/05/1983;Vendas;Gerente;Mestrado;Feminino;0;0;17882
Levi Barbosa;31/12/1969;Logística;Gerente;Ensino Médio;Masculino;0;0;18434
Maria Alice Caldeira;29/11/1987;Marketing;Diretor;Tecnólogo;Feminino;1;3;14010
Srta. Ana Sophia Farias;31/12/1982;TI;Gerente;Doutorado;Masculino;0;0;14136
Luiz Fernando da Cunha;19/12/1982;Operações;Gerente;Tecnólogo;Feminino;0;0;12263
Gabriela Silveira;07/09/1983;TI;Analista;Tecnólogo;Feminino;0;0;2998
Theo Cunha;22/01/1962;Operações;Gerente;Ensino Médio;Masculino;0;0;4593
Sr. Lucas da Costa;04/04/1966;Operações;Analista;Fundamental;Feminino;0;0;13649
Maria Alice Farias;16/02/1968;Operações;Assistente;Tecnólogo;Feminino;0;0;8784
Natália Rodrigues;15/12/1980;Operações;Gerente;Ensino Médio;Masculino;0;0;9109
Rafaela Pinto;08/08/1970;TI;Diretor;Doutorado;Feminino;0;0;19460
Maria Julia Cardoso;07/11/1998;Operações;C-level;Mestrado;Feminino;0;0;7958
Júlia da Mota;28/09/1960;Marketing;Diretor;Fundamental;Feminino;0;0;8435
Lucas Moreira;16/11/1949;Jurídico;C-level;Doutorado;Feminino;1;35;8089
Lucas Gabriel Fernandes;04/01/1992;Produção;Estagiário;Fundamental;Feminino;0;0;5615
Dra. Beatriz Aragão;18/05/1969;Vendas;Estagiário;Graduação;Feminino;0;0;6586
Vicente Barbosa;29/05/1985;Logística;Assistente;Tecnólogo;Masculino;1;18;12265
Dra. Isis Nunes;16/05/1994;Produção;C-level;Ensino Médio;Masculino;0;0;6661
Pedro Lucas Carvalho;08/12/1986;RH;C-level;Graduação;Feminino;0;0;15804
Yasmin Dias;20/04/1962;Logística;C-level;Graduação;Masculino;0;0;14426
Eduarda Oliveira;14/07/2006;Vendas;Analista;Doutorado;Masculino;0;0;18286
Igor Cardoso;25/05/1966;Marketing;Assistente;Graduação;Masculino;0;0;6981
Gustavo Gomes;06/10/1994;Operações;Estagiário;Tecnólogo;Feminino;1;15;13642
Larissa da Rocha;26/07/1988;Financeiro;Assistente;Ensino Médio;Masculino;0;0;12067
Alexia da Cunha;10/04/1979;TI;Diretor;Fundamental;Masculino;0;0;5968
Maitê Cunha;01/10/1975;Produção;Coordenador;Mestrado;Feminino;0;0;10905
Lucas Gabriel Almeida;03/02/1962;Logística;C-level;Mestrado;Masculino;0;0;18138
Valentina da Rocha;10/04/1990;Operações;Gerente;Ensino Médio;Feminino;0;0;4566
Srta. Caroline Silva;04/09/1993;Produção;Gerente;Ensino Médio;Feminino;0;0;14394
Clara da Rosa;10/01/1974;Vendas;Coordenador;Mestrado;Feminino;0;0;13436
Pietro Teixeira;10/02/1985;Logística;Estagiário;Fundamental;Feminino;0;0;7792
Dr. Enzo Gabriel Rezende;27/06/1970;Marketing;Estagiário;Tecnólogo;Feminino;0;0;6810
Yago Dias;19/06/2001;Financeiro;C-level;Fundamental;Feminino;1;17;4933
Evelyn Gonçalves;31/05/1977;Jurídico;Gerente;Mestrado;Feminino;1;23;17437
Theo Porto;05/03/1965;TI;C-level;Fundamental;Feminino;0;0;11789
Maria Eduarda Fernandes;16/12/1995;Logística;C-level;Graduação;Feminino;0;0;9521
Alice Martins;21/10/1949;Marketing;Gerente;Graduação;Masculino;0;0;17447
Luiz Otávio Viana;10/02/1964;RH;Coordenador;Fundamental;Masculino;0;0;17564
Sra. Evelyn Melo;08/05/1986;Logística;Diretor;Fundamental;Masculino;0;0;15882
Vitor Porto;21/07/1965;Vendas;Assistente;Fundamental;Masculino;0;0;14853
Brenda da Paz;02/11/1988;Financeiro;Assistente;Ensino Médio;Feminino;0;0;4641
Fernando da Rocha;22/07/1994;TI;Coordenador;Fundamental;Feminino;0;0;12390
Daniela Cardoso;13/01/1996;Financeiro;Estagiário;Graduação;Feminino;1;48;9560
Paulo Alves;13/09/1982;Operações;C-level;Ensino Médio;Masculino;0;0;6131
João Lucas Jesus;05/03/1965;Financeiro;Assistente;Tecnólogo;Feminino;1;46;12705
Dr. Bruno Nascimento;12/04/1995;TI;Assistente;Graduação;Masculino;0;0;7897
Sophia Cunha;30/11/1997;Logística;Gerente;Graduação;Feminino;1;14;2946
Heitor Barros;26/06/1969;Financeiro;Analista;Ensino Médio;Feminino;0;0;6288
Leonardo Carvalho;19/04/1984;Financeiro;Coordenador;Doutorado;Masculino;0;0;4776
Luigi Ribeiro;01/05/2001;Marketing;Diretor;Doutorado;Masculino;0;0;16481
Joaquim Pires;14/01/1988;Logística;Coordenador;Ensino Médio;Masculino;0;0;6740
Sr. Nathan Rocha;28/06/2001;Jurídico;Analista;Mestrado;Feminino;0;0;15293
Luiz Fernando Alves;06/10/1966;Jurídico;Analista;Doutorado;Masculino;0;0;11149
Ryan Moraes;07/12/2003;Vendas;Assistente;Fundamental;Feminino;0;0;11758
Davi Luiz da Mata;06/08/1987;Marketing;Coordenador;Graduação;Feminino;0;0;10957
Pedro Cunha;13/04/1989;RH;Gerente;Fundamental;Feminino;0;0;2690
Olivia Oliveira;10/05/1970;RH;Coordenador;Tecnólogo;Masculino;0;0;9014
Gustavo Gonçalves;17/02/1973;Financeiro;Gerente;Fundamental;Feminino;1;35;17474
Isis Barbosa;29/01/1977;RH;Diretor;Fundamental;Masculino;0;0;6317
Sr. Vinicius Carvalho;02/10/2000;Vendas;C-level;Ensino Médio;Feminino;0;0;8391
Eduarda Araújo;03/10/1981;TI;Gerente;Mestrado;Masculino;1;39;3220
Thales Barros;15/09/1996;Operações;Estagiário;Tecnólogo;Feminino;0;0;17939
Alícia Carvalho;27/05/1991;Jurídico;Analista;Mestrado;Masculino;0;0;8651
Leonardo Santos;20/01/1989;TI;Analista;Ensino Médio;Masculino;0;0;15202
Maria Sophia Aragão;21/08/1968;Jurídico;Assistente;Doutorado;Masculino;1;15;17340
Isabel Cunha;28/10/1966;Vendas;Analista;Tecnólogo;Feminino;0;0;17673
Alexia Alves;02/11/1969;Marketing;Assistente;Fundamental;Masculino;1;41;4650
Sra. Bruna Alves;06/03/1963;Vendas;Estagiário;Ensino Médio;Masculino;0;0;11192
Mariane Moraes;15/05/1963;Logística;Analista;Ensino Médio;Feminino;0;0;19488
Letícia Ribeiro;04/02/1969;RH;Assistente;Mestrado;Feminino;1;14;17189
Daniela Oliveira;24/05/2001;RH;Coordenador;Ensino Médio;Masculino;0;0;4369
Pedro Miguel da Cruz;27/12/1994;TI;Analista;Tecnólogo;Feminino;0;0;9147
Bianca Souza;25/02/1993;RH;Estagiário;Fundamental;Masculino;0;0;19621
Isabel Barros;20/03/1964;Jurídico;Diretor;Graduação;Feminino;1;24;7974
Sabrina Lopes;13/09/1960;Vendas;Diretor;Graduação;Masculino;0;0;10434
Sr. Fernando Souza;04/02/2001;Marketing;Diretor;Tecnólogo;Masculino;0;0;15154
Davi Lucca Lima;12/12/2006;Produção;Coordenador;Mestrado;Feminino;0;0;11744
Luiz Fernando Moraes;19/06/2005;Marketing;Analista;Tecnólogo;Masculino;0;0;3099
Brenda Novaes;17/09/1967;RH;Analista;Doutorado;Feminino;0;0;19867
Ana Julia Santos;23/03/1968;Marketing;Coordenador;Graduação;Masculino;0;0;3207
Vitória Gonçalves;04/07/1972;RH;Gerente;Ensino Médio;Feminino;1;42;3635
Bárbara Fernandes;13/02/2006;Produção;Analista;Tecnólogo;Feminino;0;0;6435
Caio Oliveira;17/04/1996;Logística;Gerente;Graduação;Feminino;0;0;7697
Raquel Ribeiro;14/01/1992;Produção;Coordenador;Fundamental;Masculino;0;0;5437
Emanuel das Neves;05/07/1978;Produção;Coordenador;Fundamental;Feminino;0;0;9103
Otávio Monteiro;10/06/1974;Jurídico;Coordenador;Ensino Médio;Feminino;1;48;5543
Rodrigo Souza;05/02/1992;Marketing;Analista;Fundamental;Feminino;0;0;11779
Pietra Dias;11/08/1985;Operações;Assistente;Doutorado;Feminino;0;0;19484
Dr. André Cavalcanti;10/08/2004;Financeiro;C-level;Ensino Médio;Feminino;1;40;8818
Alice Souza;08/09/1995;TI;Gerente;Graduação;Masculino;0;0;12567
Sra. Giovanna Azevedo;16/06/1968;TI;Coordenador;Ensino Médio;Feminino;0;0;12781
João Gabriel Fogaça;18/12/2006;Logística;Assistente;Fundamental;Masculino;0;0;2213
Laís da Rocha;05/09/1993;Produção;Assistente;Graduação;Masculino;1;36;17414
Melissa da Mota;02/10/1993;Marketing;C-level;Graduação;Feminino;0;0;11310
Bárbara da Cruz;14/05/1999;Vendas;Analista;Mestrado;Masculino;1;3;15627
Rebeca Cardoso;26/05/1984;Produção;Estagiário;Ensino Médio;Masculino;0;0;3387
Stella Nascimento;08/12/1968;RH;Coordenador;Fundamental;Masculino;0;0;7486
Francisco Silva;26/03/1991;Logística;Diretor;Fundamental;Masculino;0;0;15731
Gabrielly Costela;29/01/2000;RH;Assistente;Doutorado;Feminino;1;1;2937
Bryan Cavalcanti;15/04/1994;RH;Gerente;Mestrado;Masculino;0;0;17626
João Oliveira;08/07/1997;Jurídico;Coordenador;Graduação;Feminino;0;0;15977
Srta. Ana Laura Rodrigues;16/03/1998;TI;Gerente;Graduação;Masculino;0;0;6832
Sr. Pedro Freitas;29/05/1977;Financeiro;Coordenador;Doutorado;Feminino;0;0;18870
Isis Monteiro;28/08/2003;Jurídico;Coordenador;Ensino Médio;Feminino;0;0;3438
Natália Farias;20/09/1978;Jurídico;Coordenador;Fundamental;Masculino;0;0;9392
Emanuella Moura;08/03/1983;TI;Gerente;Fundamental;Feminino;1;5;15114
Srta. Bárbara Cunha;08/07/1984;Financeiro;Assistente;Tecnólogo;Feminino;0;0;12878
Alana Fogaça;09/10/2000;Jurídico;Analista;Doutorado;Feminino;0;0;18900
Davi Luiz Melo;25/05/1987;Marketing;Diretor;Doutorado;Feminino;0;0;4389
Luna Araújo;07/12/1949;Jurídico;Gerente;Doutorado;Feminino;0;0;11408
Isis Mendes;30/01/1980;RH;Analista;Tecnólogo;Masculino;0;0;3218
Arthur Viana;13/06/1962;TI;Analista;Ensino Médio;Feminino;0;0;12295
Dr. João Gabriel Novaes;26/05/1976;Jurídico;Diretor;Graduação;Masculino;0;0;12970
Sra. Isis da Mota;18/09/1998;Jurídico;Analista;Tecnólogo;Masculino;0;0;3122
Luiz Felipe Vieira;11/06/1970;RH;Assistente;Ensino Médio;Masculino;0;0;9649
Maria Luiza Porto;20/10/1990;TI;Diretor;Doutorado;Feminino;0;0;6411
Helena Ferreira;08/09/1994;Jurídico;Coordenador;Tecnólogo;Masculino;0;0;17985
Larissa Sales;29/02/2004;Vendas;C-level;Ensino Médio;Masculino;0;0;19061
Sr. Emanuel Campos;27/11/1980;Logística;Analista;Ensino Médio;Feminino;0;0;15921
Sr. Samuel Monteiro;07/11/1977;Logística;Estagiário;Tecnólogo;Masculino;0;0;10449
Bárbara Ferreira;19/01/1960;Jurídico;Estagiário;Graduação;Feminino;0;0;16010
Dr. Vitor Hugo Ferreira;26/05/1985;Financeiro;Diretor;Doutorado;Masculino;0;0;15901
Sr. Vitor Hugo Pereira;28/04/2004;Financeiro;Gerente;Ensino Médio;Masculino;0;0;5276
Carolina Silva;15/03/1970;Vendas;Gerente;Mestrado;Feminino;0;0;17127
Gustavo Novaes;17/12/1997;TI;Estagiário;Tecnólogo;Feminino;0;0;18215
Maria Clara Jesus;26/03/1962;Financeiro;Diretor;Doutorado;Masculino;1;49;17310
Ana Carolina Dias;06/05/1960;RH;Assistente;Doutorado;Masculino;0;0;3689
Dr. Benício Nunes;26/04/1973;Operações;C-level;Graduação;Feminino;0;0;11056
Ana Novaes;08/05/1962;Operações;Estagiário;Fundamental;Masculino;0;0;12036
Larissa Cunha;09/06/1965;Produção;Gerente;Graduação;Feminino;0;0;7774
Bernardo Monteiro;01/11/1984;Marketing;Analista;Mestrado;Masculino;1;42;6767
Pedro Caldeira;13/02/1971;TI;Diretor;Tecnólogo;Masculino;0;0;12132
Heloísa Gonçalves;07/02/1975;Operações;Estagiário;Mestrado;Masculino;0;0;6298
Francisco da Cunha;28/12/1971;Logística;Coordenador;Ensino Médio;Feminino;0;0;7142
Arthur da Mata;09/09/1971;Vendas;Estagiário;Mestrado;Feminino;0;0;12511
Joaquim da Luz;12/04/1970;Financeiro;Diretor;Tecnólogo;Masculino;0;0;14958
Bruna Caldeira;27/09/1989;Jurídico;Diretor;Fundamental;Masculino;0;0;10613
Srta. Fernanda Porto;08/02/1970;Jurídico;Estagiário;Graduação;Masculino;0;0;19511
Mariana da Paz;15/11/1997;RH;Analista;Ensino Médio;Feminino;0;0;19922
Laís Fogaça;18/08/1970;RH;Estagiário;Doutorado;Feminino;0;0;15107
Heitor Lima;27/10/2006;RH;Coordenador;Mestrado;Feminino;0;0;5047
Arthur Castro;14/02/1979;Operações;Diretor;Ensino Médio;Feminino;0;0;17732
Maria Luiza Moura;01/07/2004;Vendas;Estagiário;Ensino Médio;Feminino;1;43;16637
André Alves;20/01/2001;Logística;Diretor;Ensino Médio;Feminino;0;0;2128
Rafaela Silveira;23/06/1967;Financeiro;Coordenador;Ensino Médio;Feminino;0;0;6775
Sofia Fogaça;01/03/2005;Marketing;Gerente;Fundamental;Masculino;0;0;17919
Ana Júlia Monteiro;06/09/1973;Produção;Coordenador;Mestrado;Masculino;0;0;4400
João Vitor Ribeiro;29/12/1965;RH;Analista;Ensino Médio;Feminino;1;10;18426
João Felipe Caldeira;03/07/2005;Jurídico;Analista;Ensino Médio;Masculino;1;40;6124
Benício Silva;30/08/1989;Logística;Gerente;Mestrado;Feminino;0;0;9446
Manuela Freitas;27/08/1989;TI;Diretor;Fundamental;Feminino;0;0;10010
Heloísa das Neves;26/02/1990;Vendas;C-level;Fundamental;Feminino;1;17;15246
Miguel da Paz;17/07/2003;Produção;C-level;Tecnólogo;Feminino;0;0;15174
Henrique Rocha;14/10/1991;RH;Analista;Doutorado;Feminino;0;0;15642
Joaquim Fernandes;11/10/1966;Operações;C-level;Fundamental;Feminino;0;0;6656
Stella das Neves;10/11/1999;RH;Coordenador;Mestrado;Feminino;0;0;6159
Srta. Ana Beatriz Rocha;16/11/1998;Marketing;Analista;Doutorado;Masculino;0;0;12741
Dra. Julia Barros;16/01/1985;TI;Gerente;Graduação;Masculino;0;0;12796
Otávio Campos;03/07/1998;Marketing;Diretor;Tecnólogo;Feminino;1;15;12037
Juliana da Mata;17/02/1988;Operações;Coordenador;Ensino Médio;Feminino;0;0;13494
Anthony Silva;18/11/1974;Marketing;C-level;Fundamental;Masculino;0;0;12815
Ana Beatriz Barbosa;18/06/1996;Vendas;Estagiário;Graduação;Masculino;1;38;9046
Nina Costa;02/07/1970;Operações;Assistente;Fundamental;Feminino;0;0;6668
Calebe Pires;19/07/1963;TI;Estagiário;Tecnólogo;Masculino;0;0;6769
Raquel da Costa;06/09/1969;RH;Estagiário;Graduação;Masculino;0;0;5873
Letícia Barros;14/12/1980;Operações;Estagiário;Tecnólogo;Feminino;0;0;16375
Thomas Castro;21/02/1999;TI;Gerente;Tecnólogo;Feminino;0;0;2012
João Felipe Cunha;26/07/1993;Vendas;Gerente;Ensino Médio;Feminino;0;0;18273
João Gabriel da Luz;24/06/1982;Marketing;C-level;Graduação;Feminino;0;0;5111
Ana Sophia Rezende;17/11/1988;Financeiro;Assistente;Mestrado;Masculino;0;0;3314
Gabrielly Barros;03/10/1966;Logística;Coordenador;Graduação;Feminino;0;0;4473
Leonardo da Costa;15/10/1991;TI;Gerente;Graduação;Masculino;0;0;13034
Isadora Mendes;08/10/1993;Jurídico;Estagiário;Graduação;Feminino;1;15;7823
Samuel Rezende;18/08/1993;Produção;Coordenador;Tecnólogo;Masculino;0;0;15843
João Gabriel Freitas;05/02/2006;Jurídico;C-level;Tecnólogo;Masculino;0;0;3285
Isabelly Teixeira;20/01/1964;Financeiro;C-level;Ensino Médio;Feminino;1;50;4999
Emanuel Sales;09/03/1983;Jurídico;Estagiário;Mestrado;Masculino;0;0;19541
Maria Sophia Cunha;07/06/2004;Vendas;Analista;Tecnólogo;Masculino;0;0;2167
Samuel Correia;24/05/1962;Logística;Analista;Doutorado;Masculino;0;0;11583
Leandro Gomes;01/03/1982;TI;Diretor;Ensino Médio;Feminino;0;0;18771
Vitor Hugo Castro;01/05/1965;Vendas;Estagiário;Doutorado;Masculino;1;1;3002
Pedro Lucas Moura;01/03/1995;Financeiro;Coordenador;Doutorado;Masculino;0;0;17517
Arthur Porto;25/08/1968;Produção;C-level;Mestrado;Masculino;0;0;6120
Milena Rodrigues;20/04/1996;Marketing;Diretor;Doutorado;Masculino;0;0;19824
Calebe Castro;22/06/1964;Financeiro;Coordenador;Graduação;Masculino;0;0;7884
Calebe Farias;09/12/2000;Operações;Gerente;Ensino Médio;Masculino;0;0;15024
Dra. Sophie Peixoto;28/09/2001;RH;Analista;Tecnólogo;Feminino;1;6;19437
Bárbara Farias;27/06/1986;Marketing;Gerente;Fundamental;Masculino;0;0;6046
Maitê Alves;17/05/1995;Vendas;Coordenador;Doutorado;Feminino;1;12;2953
Pedro Henrique Moura;15/06/1972;Marketing;Analista;Mestrado;Feminino;1;29;18637
Joana Almeida;25/06/1966;TI;Analista;Ensino Médio;Masculino;0;0;15635
Lara Moura;29/11/1983;Jurídico;Coordenador;Graduação;Feminino;0;0;6331
Levi Fernandes;02/04/2006;Vendas;C-level;Graduação;Feminino;0;0;7910
Dr. Levi Nascimento;09/06/1971;Operações;Analista;Tecnólogo;Feminino;0;0;9669
Emanuel Monteiro;05/03/1973;Operações;Diretor;Mestrado;Masculino;0;0;7189
Yasmin Fogaça;11/06/1949;Logística;C-level;Mestrado;Feminino;1;23;16081
Pietro Dias;30/10/1973;Produção;Gerente;Tecnólogo;Feminino;0;0;15956
Thales Novaes;17/09/1991;Logística;Coordenador;Graduação;Masculino;0;0;18538
Melissa Rezende;14/02/1966;RH;Gerente;Graduação;Masculino;0;0;12347
Larissa da Mota;12/11/1960;Produção;Diretor;Fundamental;Feminino;1;23;8953
Ana Julia Moreira;09/04/1986;TI;Gerente;Graduação;Masculino;0;0;5617
Raul Caldeira;05/05/1985;Logística;Assistente;Fundamental;Feminino;0;0;11903
Luana Moura;17/10/1976;Logística;Diretor;Tecnólogo;Masculino;0;0;2236
Enzo Gabriel Cardoso;17/08/1983;RH;Analista;Ensino Médio;Feminino;0;0;3786
Vitória Pires;21/08/1975;Produção;Assistente;Ensino Médio;Feminino;0;0;2754
Vitória Moura;17/05/1978;Marketing;Analista;Mestrado;Masculino;0;0;4439
Levi Almeida;14/09/1995;Produção;Gerente;Tecnólogo;Feminino;0;0;17542
Srta. Isadora Costela;02/08/2001;Vendas;Gerente;Graduação;Feminino;0;0;10936
Kaique Dias;06/10/1965;Financeiro;Diretor;Mestrado;Feminino;1;21;14152
Nathan Lima;08/01/1985;Financeiro;Estagiário;Ensino Médio;Feminino;0;0;5680
Gabriela Cunha;18/11/1986;TI;Estagiário;Graduação;Feminino;0;0;15889
Dra. Ana Carolina da Conceição;30/07/1993;Vendas;Diretor;Tecnólogo;Masculino;0;0;14517
Sr. Benjamin da Paz;31/12/1992;Jurídico;Analista;Ensino Médio;Feminino;0;0;7742
Manuela Rocha;22/09/1976;Marketing;Estagiário;Ensino Médio;Feminino;0;0;16071
Alana Freitas;14/07/1974;Vendas;Gerente;Graduação;Masculino;0;0;6130
Eloah Monteiro;15/04/1964;Marketing;C-level;Tecnólogo;Feminino;0;0;2873
Murilo Lima;06/10/1976;Financeiro;Estagiário;Fundamental;Masculino;0;0;12324
João Gabriel Teixeira;29/01/1995;RH;Gerente;Mestrado;Feminino;0;0;4168
Guilherme da Costa;05/09/1967;Logística;Estagiário;Doutorado;Masculino;0;0;12152
Sofia Silveira;14/12/1960;TI;Gerente;Doutorado;Feminino;0;0;15600
Noah Lopes;25/11/1972;Vendas;C-level;Tecnólogo;Masculino;0;0;11149
Nicole Sales;30/07/2006;Produção;Diretor;Ensino Médio;Feminino;0;0;15090
Dra. Maitê Rocha;07/07/2003;TI;C-level;Fundamental;Masculino;0;0;6735
Manuela Barros;10/11/1987;Operações;C-level;Fundamental;Masculino;0;0;12539
Ana Vitória Viana;10/02/1992;TI;Coordenador;Doutorado;Feminino;0;0;16059
Sra. Maria Cecília da Paz;07/12/1997;TI;C-level;Fundamental;Masculino;0;0;11928
Sr. Igor da Mota;17/07/1979;Marketing;C-level;Graduação;Masculino;0;0;8840
Enzo Gabriel da Luz;16/03/1963;RH;Gerente;Tecnólogo;Feminino;0;0;17609
Sr. Eduardo Nunes;20/11/1980;Produção;Coordenador;Doutorado;Feminino;0;0;5114
Helena da Luz;23/09/1982;TI;Diretor;Ensino Médio;Feminino;0;0;14477
Isabella Nogueira;12/10/1966;Jurídico;Estagiário;Doutorado;Feminino;0;0;7853
Laís Martins;06/06/1966;Operações;Analista;Doutorado;Feminino;0;0;17991
Pedro Henrique Fernandes;28/05/1994;RH;Analista;Doutorado;Feminino;1;19;17238
Luiza Martins;30/08/1969;Marketing;Coordenador;Tecnólogo;Feminino;1;25;5090
Sra. Juliana da Cunha;25/06/1972;Operações;C-level;Mestrado;Feminino;0;0;16625
André Correia;13/05/1961;Financeiro;Gerente;Tecnólogo;Masculino;1;33;18473
Erick Dias;16/08/1985;Financeiro;Gerente;Doutorado;Feminino;0;0;10076
Juan Silva;23/04/1981;Marketing;Diretor;Fundamental;Feminino;0;0;4980
Lucca Vieira;21/05/1996;TI;Gerente;Fundamental;Feminino;0;0;6719
Kevin Almeida;14/04/1968;RH;Assistente;Tecnólogo;Masculino;0;0;13458
Pietra da Mata;23/09/1992;Logística;Analista;Graduação;Masculino;0;0;13755
Davi Luiz Alves;18/02/1976;TI;Diretor;Doutorado;Feminino;0;0;12968
Alexandre Cardoso;30/04/1987;Produção;Assistente;Ensino Médio;Masculino;0;0;5233
Bruna Azevedo;12/11/1973;TI;C-level;Mestrado;Masculino;0;0;17785
Augusto Azevedo;31/10/1982;RH;C-level;Graduação;Masculino;0;0;6415
Maria Julia Almeida;01/03/1999;TI;Coordenador;Tecnólogo;Masculino;0;0;5497
Bernardo Santos;08/07/2005;Logística;Analista;Doutorado;Masculino;1;2;12578
Dr. Noah Ribeiro;25/05/1967;Produção;Analista;Fundamental;Masculino;1;9;14698
Luiz Miguel Porto;22/07/1997;Marketing;Coordenador;Graduação;Feminino;0;0;6091
Luiz Miguel Gomes;28/07/1981;TI;Diretor;Ensino Médio;Feminino;0;0;18977
Vitor Gabriel Silva;02/04/2005;Operações;Coordenador;Ensino Médio;Feminino;0;0;12234
Nina da Cunha;10/01/1988;Produção;C-level;Ensino Médio;Feminino;0;0;7738
Isabel Costela;05/01/1997;Jurídico;C-level;Ensino Médio;Feminino;0;0;17264
Maria Vitória da Paz;10/09/1976;Jurídico;Estagiário;Graduação;Feminino;1;25;2921
Dr. Yuri Peixoto;01/09/1998;Marketing;Assistente;Doutorado;Feminino;0;0;16338
Calebe Carvalho;11/04/2001;RH;Assistente;Graduação;Masculino;1;18;18650
Kevin Moraes;20/08/1969;Jurídico;Diretor;Graduação;Feminino;0;0;9266
Guilherme Souza;23/04/1998;Vendas;Gerente;Mestrado;Masculino;0;0;4849
Sra. Nina da Cunha;06/05/1965;Operações;Estagiário;Graduação;Feminino;0;0;16175
Sr. Benjamin Viana;05/07/1980;TI;Assistente;Tecnólogo;Masculino;1;35;14936
Lorena Nogueira;24/01/1979;Jurídico;Coordenador;Graduação;Masculino;0;0;2232
Samuel Moura;18/07/1988;Operações;Analista;Ensino Médio;Feminino;1;9;3485
João Pedro Campos;31/01/1962;RH;Assistente;Ensino Médio;Feminino;0;0;18085
Dr. Marcos Vinicius da Mota;01/07/1978;Vendas;Estagiário;Ensino Médio;Masculino;1;8;6862
Levi Correia;30/09/1971;Produção;Assistente;Mestrado;Feminino;0;0;11448
Maria Julia Souza;01/09/1979;RH;Coordenador;Fundamental;Masculino;0;0;2487
Eduarda Costela;18/11/2001;Logística;Assistente;Mestrado;Masculino;0;0;13765
Ana Carolina Alves;18/04/1988;Operações;Assistente;Graduação;Masculino;0;0;18536
Larissa Pires;04/12/1976;Jurídico;Estagiário;Tecnólogo;Masculino;0;0;12939
Dr. André Aragão;17/08/1999;Jurídico;C-level;Doutorado;Masculino;0;0;18475
Luiz Gustavo Ferreira;05/01/1972;Logística;Coordenador;Doutorado;Masculino;0;0;19033
Benício da Mota;28/03/2006;Financeiro;C-level;Doutorado;Masculino;0;0;19669
Maria Melo;07/12/1982;Jurídico;Diretor;Tecnólogo;Masculino;1;26;13167
Ana Carolina Moura;06/07/1964;Operações;Assistente;Fundamental;Masculino;0;0;5614
Srta. Clara Cardoso;31/10/1982;TI;Diretor;Graduação;Masculino;1;49;4227
João Pedro da Cunha;22/05/1991;TI;Coordenador;Fundamental;Masculino;0;0;10870
Stephany Cardoso;11/08/1968;Vendas;Assistente;Mestrado;Feminino;0;0;4939
Luiz Henrique da Rosa;05/08/1962;Marketing;Estagiário;Doutorado;Feminino;0;0;19540
Luigi Araújo;30/01/1963;Jurídico;C-level;Fundamental;Masculino;0;0;10609
Lucas Gabriel Novaes;08/01/1963;Marketing;Diretor;Ensino Médio;Masculino;0;0;9013
Bruna Melo;23/11/1997;RH;Diretor;Tecnólogo;Feminino;0;0;17328
Dr. Lorenzo Pinto;08/10/2001;Operações;Analista;Graduação;Masculino;1;14;11855
Vicente Viana;09/02/1995;TI;Diretor;Mestrado;Masculino;0;0;14957
Dra. Yasmin da Conceição;19/12/1964;RH;C-level;Fundamental;Masculino;0;0;4070
Yago Rodrigues;08/08/1996;Jurídico;C-level;Mestrado;Masculino;0;0;10372
Ryan da Mota;12/11/2002;Logística;Assistente;Graduação;Feminino;0;0;9769
Dr. Bryan Mendes;12/10/1990;Operações;Diretor;Mestrado;Masculino;0;0;16040
Sarah Ferreira;16/08/1969;Produção;C-level;Fundamental;Feminino;0;0;12184
Amanda Barros;14/01/1992;Produção;Coordenador;Doutorado;Feminino;0;0;5659
Davi Lucas Vieira;31/01/1966;Jurídico;Analista;Mestrado;Feminino;0;0;14890
Cauã da Cunha;29/12/1990;Operações;Coordenador;Fundamental;Masculino;0;0;11470
Joaquim Vieira;14/05/1989;Produção;Gerente;Fundamental;Feminino;0;0;15101
Igor Ramos;26/05/1990;Logística;Gerente;Tecnólogo;Masculino;0;0;2202
Helena Gonçalves;11/07/1988;Jurídico;Analista;Mestrado;Masculino;0;0;9584
Dr. Theo Ramos;14/02/1999;Vendas;Estagiário;Graduação;Masculino;0;0;7501
Maitê Melo;27/02/1984;Operações;Estagiário;Doutorado;Masculino;1;20;9900
Bryan Teixeira;02/10/1979;TI;Estagiário;Tecnólogo;Feminino;1;32;17599
Luiz Otávio Cunha;11/11/2002;Financeiro;Analista;Mestrado;Feminino;0;0;14522
João Pedro Nascimento;26/03/1995;Operações;Assistente;Tecnólogo;Feminino;0;0;8960
Agatha Santos;20/12/2000;Logística;Diretor;Graduação;Feminino;0;0;11698
Ana Luiza Duarte;25/12/1979;Financeiro;Diretor;Ensino Médio;Feminino;0;0;4856
Sr. João Guilherme Cardoso;03/07/1968;TI;Assistente;Doutorado;Feminino;1;39;17810
Nicole Caldeira;16/09/1978;Jurídico;C-level;Mestrado;Feminino;0;0;10348
João Pereira;17/04/2000;RH;Diretor;Fundamental;Masculino;1;28;4049
Nicolas Silva;18/01/1983;Produção;Estagiário;Graduação;Feminino;1;33;18999
Sr. Renan Jesus;13/01/1977;Financeiro;Coordenador;Tecnólogo;Feminino;0;0;14971
Sra. Mirella Rezende;03/05/1976;Financeiro;Estagiário;Mestrado;Masculino;0;0;7728
Fernando Duarte;07/07/1990;Vendas;C-level;Tecnólogo;Masculino;0;0;4299
Dra. Emanuella da Mota;05/04/1963;Jurídico;Assistente;Fundamental;Feminino;0;0;17998
Paulo Cardoso;28/12/1990;Operações;Diretor;Graduação;Masculino;1;11;16487
Cauê Mendes;23/03/2003;Operações;Estagiário;Graduação;Masculino;0;0;19758
Dr. João Miguel Silveira;08/08/1978;RH;Gerente;Doutorado;Masculino;0;0;8281
Dr. Gustavo Henrique Barros;22/12/1979;Financeiro;Assistente;Tecnólogo;Feminino;0;0;11976
Raul Aragão;15/02/1986;Financeiro;C-level;Mestrado;Feminino;0;0;10207
Luana Rocha;21/02/1961;Logística;Gerente;Tecnólogo;Feminino;0;0;7207
Kaique Almeida;28/03/1967;TI;C-level;Doutorado;Masculino;0;0;18066
Bárbara Nascimento;13/01/1994;Logística;Gerente;Mestrado;Masculino;0;0;14233
Enzo Gabriel da Mota;09/01/1972;Marketing;C-level;Mestrado;Masculino;1;44;15050
Dr. Daniel Moraes;29/03/2004;Vendas;Diretor;Graduação;Feminino;0;0;2387
Sr. Davi Lucca Monteiro;29/04/1995;Jurídico;Diretor;Ensino Médio;Masculino;0;0;13720
Emanuella Moreira;29/06/1977;Operações;Analista;Tecnólogo;Masculino;0;0;4269
Pedro Miguel Castro;04/11/1961;Produção;Estagiário;Mestrado;Masculino;0;0;3208
Yago Costa;02/01/1994;Jurídico;Assistente;Doutorado;Feminino;0;0;18656
Dra. Ana Julia Fogaça;16/06/1966;Logística;Estagiário;Tecnólogo;Feminino;1;19;8291
Sr. Davi Lucas Viana;12/07/1979;Jurídico;Assistente;Ensino Médio;Feminino;1;49;15705
João Guilherme Moura;20/06/2005;Logística;Analista;Mestrado;Feminino;0;0;14771
Sr. Felipe da Mota;05/12/1949;Vendas;Estagiário;Fundamental;Masculino;0;0;11330
Clara Peixoto;07/04/1976;Produção;Assistente;Graduação;Masculino;1;28;18058
Ryan Pereira;09/04/1962;Jurídico;Estagiário;Ensino Médio;Masculino;0;0;14399
Melissa das Neves;08/12/2002;Produção;Diretor;Mestrado;Masculino;0;0;7984
Leandro Fernandes;09/05/1997;Logística;Analista;Mestrado;Feminino;0;0;4127
Lívia Costela;31/12/2000;RH;Analista;Graduação;Masculino;0;0;14820
Sarah Sales;18/11/1966;Marketing;C-level;Tecnólogo;Feminino;0;0;16629
Ana Clara Santos;19/09/1984;Jurídico;C-level;Graduação;Masculino;1;9;10658
Enzo Gabriel Rocha;30/09/1997;TI;Gerente;Mestrado;Feminino;1;7;13742
Sra. Maria Alice Vieira;14/07/1987;Jurídico;C-level;Ensino Médio;Masculino;1;27;4680
Clara Cavalcanti;30/11/1986;Produção;Estagiário;Tecnólogo;Masculino;0;0;4198
Luiz Henrique da Mota;18/06/2000;RH;Analista;Graduação;Masculino;0;0;2717
Leandro da Costa;23/06/2002;Vendas;C-level;Tecnólogo;Masculino;1;5;7416
Enrico Pires;25/01/1981;Produção;Analista;Fundamental;Masculino;0;0;9953
Yuri Nogueira;24/08/1979;Jurídico;Estagiário;Tecnólogo;Feminino;0;0;11231
Dr. Francisco Farias;15/05/2000;Financeiro;Analista;Graduação;Feminino;0;0;9329
Ana Lívia Nogueira;25/10/1994;Marketing;C-level;Doutorado;Feminino;0;0;12293
Eduardo Freitas;21/02/1983;Produção;Diretor;Fundamental;Masculino;0;0;16691
Thiago Santos;28/07/1987;Financeiro;C-level;Graduação;Feminino;0;0;6543
Daniel da Conceição;11/08/1993;Logística;Diretor;Doutorado;Feminino;0;0;6016
Bárbara da Paz;10/03/1995;Jurídico;Analista;Doutorado;Feminino;1;6;16680
Renan da Rosa;01/07/2003;RH;Gerente;Tecnólogo;Masculino;0;0;12123
Juan Teixeira;24/11/1968;Operações;Assistente;Ensino Médio;Feminino;1;16;17242
Maria Moura;05/11/1988;Produção;Estagiário;Fundamental;Feminino;1;9;5214
Lavínia Gomes;12/02/1980;Jurídico;Analista;Tecnólogo;Feminino;0;0;12044
Sra. Maria Vitória Pinto;08/09/1965;Vendas;Analista;Tecnólogo;Masculino;0;0;13619
Daniela Lima;14/01/1990;Jurídico;Assistente;Fundamental;Masculino;1;34;16624
Maitê Novaes;02/10/1960;RH;Assistente;Fundamental;Feminino;0;0;14879
Yuri Campos;11/09/1991;TI;Diretor;Fundamental;Masculino;0;0;4130
Juliana Lima;26/12/1975;Operações;Assistente;Doutorado;Feminino;1;19;10486
Catarina Carvalho;25/05/2007;Financeiro;C-level;Tecnólogo;Feminino;0;0;9720
Pietro Araújo;11/04/1981;Marketing;Coordenador;Graduação;Masculino;1;32;17026
Dr. Isaac Rezende;09/11/1977;Jurídico;Assistente;Mestrado;Feminino;0;0;4781
Matheus Alves;15/11/2003;Vendas;Gerente;Mestrado;Masculino;0;0;3794
Dr. Lucca da Cunha;03/03/1972;Vendas;Gerente;Fundamental;Masculino;0;0;10788
Sr. Noah Pires;25/09/1949;Produção;Analista;Ensino Médio;Masculino;0;0;14804
Júlia da Rosa;11/03/1997;Vendas;C-level;Mestrado;Masculino;1;39;18117
Lívia Alves;16/08/1997;Vendas;Diretor;Ensino Médio;Masculino;1;21;13608
Calebe Barbosa;10/06/1974;Vendas;Estagiário;Mestrado;Masculino;0;0;5784
Juliana Barros;21/06/1980;Marketing;Coordenador;Fundamental;Masculino;0;0;5085
Pedro Henrique Carvalho;04/03/1961;Operações;Gerente;Tecnólogo;Masculino;0;0;16445
André Freitas;12/08/1975;Operações;Assistente;Tecnólogo;Feminino;1;36;18525
Maria Julia da Mota;12/12/1949;Produção;Gerente;Doutorado;Masculino;0;0;8984
Clara Nascimento;02/08/1964;Financeiro;Coordenador;Graduação;Masculino;0;0;15782
Giovanna Viana;06/02/1989;TI;Diretor;Tecnólogo;Feminino;0;0;2801
Thomas Rodrigues;11/02/1986;TI;Gerente;Fundamental;Masculino;0;0;4906
João Miguel Rodrigues;04/06/1979;Financeiro;Assistente;Mestrado;Masculino;1;32;11305
João Pedro Costela;27/09/1962;Jurídico;Estagiário;Mestrado;Masculino;0;0;8464
Diego Nogueira;09/02/1994;Vendas;C-level;Graduação;Masculino;0;0;4979
Ana Julia Sales;12/02/1997;Logística;Diretor;Mestrado;Masculino;0;0;7468
Maria Clara Pires;20/12/2003;Produção;Gerente;Graduação;Feminino;0;0;18944
Nina Rocha;10/01/2006;Financeiro;Assistente;Doutorado;Masculino;0;0;11229
Benício Ramos;21/05/1976;Jurídico;C-level;Graduação;Masculino;0;0;5347
Joaquim Cunha;27/07/1973;Vendas;Diretor;Tecnólogo;Feminino;1;38;2298
Maria Sophia Fernandes;26/09/1990;Jurídico;Assistente;Tecnólogo;Masculino;0;0;8850
Srta. Eloah Mendes;19/10/1993;Operações;Diretor;Graduação;Masculino;0;0;6046
Manuela Silveira;06/04/1992;Vendas;C-level;Mestrado;Feminino;0;0;12755
Fernanda da Luz;26/01/1995;RH;Coordenador;Graduação;Masculino;0;0;19174
Sra. Ana Nogueira;05/08/1961;Jurídico;Estagiário;Fundamental;Feminino;0;0;8563
Sofia da Luz;27/08/1980;Marketing;Assistente;Mestrado;Feminino;0;0;17817
Ana Júlia da Mota;20/02/1988;TI;Gerente;Graduação;Feminino;0;0;2723
Elisa Farias;21/05/1991;Produção;C-level;Ensino Médio;Masculino;0;0;5803
Dr. Kaique da Mata;29/03/1968;Jurídico;C-level;Mestrado;Masculino;0;0;16863
Dr. Arthur Silva;13/06/1976;Financeiro;Analista;Doutorado;Feminino;0;0;16991
Maria Clara Monteiro;19/02/2002;RH;C-level;Tecnólogo;Feminino;0;0;7492
Juan Gonçalves;07/09/2006;RH;Coordenador;Mestrado;Masculino;0;0;13396
Júlia Fogaça;10/12/1962;TI;Estagiário;Ensino Médio;Feminino;1;50;3429
Rafael Gomes;18/05/1983;Financeiro;Diretor;Doutorado;Feminino;0;0;18935
Ana Julia Aragão;12/07/1980;Produção;Diretor;Tecnólogo;Masculino;0;0;10514
Theo Nogueira;03/11/1992;RH;Assistente;Doutorado;Feminino;0;0;4746
Otávio da Luz;01/12/1964;TI;Gerente;Ensino Médio;Feminino;0;0;13244
Sr. Lorenzo Campos;07/05/1970;Marketing;Assistente;Doutorado;Masculino;0;0;4751
Ana Julia Cardoso;22/05/1986;Logística;Coordenador;Doutorado;Feminino;0;0;17863
Felipe da Rocha;25/07/1979;Logística;Diretor;Ensino Médio;Masculino;0;0;10718
Isadora Farias;09/03/1972;Operações;Analista;Mestrado;Masculino;0;0;4753
Maria Sophia Carvalho;08/09/1964;Jurídico;Assistente;Fundamental;Masculino;0;0;17655
Fernanda Pinto;06/01/1984;Produção;Gerente;Tecnólogo;Masculino;1;49;16094
Francisco das Neves;14/08/1983;Marketing;Estagiário;Graduação;Feminino;0;0;8965
Rafaela Oliveira;21/04/1997;Logística;C-level;Fundamental;Masculino;0;0;3041
Laís Pereira;30/04/1975;Marketing;C-level;Graduação;Masculino;0;0;12570
Fernanda da Costa;19/04/1969;Financeiro;Analista;Doutorado;Masculino;0;0;5913
Olivia Moraes;15/08/1991;Operações;Diretor;Doutorado;Masculino;0;0;11721
Lavínia Rodrigues;14/01/1984;TI;C-level;Doutorado;Masculino;0;0;13962
Ana Lívia Rezende;15/07/1972;Produção;Diretor;Graduação;Masculino;0;0;6626
Srta. Eloah Peixoto;03/03/1976;TI;Assistente;Graduação;Feminino;1;45;12946
Maria Cecília Gomes;04/08/1966;TI;Estagiário;Fundamental;Masculino;1;33;19646
Sra. Mariane Almeida;06/05/2000;Financeiro;Coordenador;Graduação;Feminino;0;0;19753
Bernardo Caldeira;28/05/1982;Operações;Diretor;Tecnólogo;Feminino;0;0;7719
Ana Julia Carvalho;04/02/1962;Produção;Coordenador;Fundamental;Masculino;1;26;16425
Juan Moreira;04/05/1986;Jurídico;C-level;Doutorado;Masculino;0;0;11918
Vitor Pires;17/07/1965;Jurídico;C-level;Doutorado;Feminino;1;12;5145
Dr. Pedro Miguel Nogueira;26/07/1987;Operações;Gerente;Tecnólogo;Masculino;0;0;15804
Luiz Miguel Monteiro;16/06/1971;TI;Coordenador;Fundamental;Masculino;0;0;14763
Ana Luiza Melo;27/08/1968;Logística;Diretor;Fundamental;Masculino;0;0;11444
Maria Clara da Conceição;29/04/1994;RH;Analista;Graduação;Masculino;0;0;9929
Kaique Alves;05/12/2002;Operações;C-level;Fundamental;Masculino;0;0;19700
Anthony Caldeira;23/01/1983;Vendas;Coordenador;Tecnólogo;Masculino;0;0;11750
Sarah da Conceição;16/03/1964;Financeiro;Assistente;Fundamental;Feminino;0;0;10372
Lorena Almeida;14/07/2002;Vendas;Gerente;Ensino Médio;Masculino;0;0;4602
Ryan da Paz;13/12/2004;Marketing;C-level;Mestrado;Feminino;1;19;6659
Vitor Gabriel Moreira;02/05/1963;Produção;C-level;Tecnólogo;Masculino;0;0;3895
João Guilherme Lima;07/01/1971;Jurídico;C-level;Ensino Médio;Masculino;0;0;13433
Ana Júlia Lima;17/04/1976;Operações;Coordenador;Doutorado;Masculino;0;0;19217
Enzo Gabriel da Rocha;10/06/1961;Financeiro;Estagiário;Fundamental;Feminino;0;0;19971
Luana Cardoso;11/11/1991;TI;Coordenador;Doutorado;Feminino;0;0;4477
Laura Alves;30/12/1972;Vendas;Gerente;Mestrado;Feminino;1;31;9234
Gabriela Mendes;20/10/1991;Jurídico;Diretor;Tecnólogo;Masculino;1;16;8042
Isadora Rezende;07/02/1984;Marketing;Gerente;Tecnólogo;Masculino;0;0;13799
Mirella Monteiro;11/04/1983;Marketing;Estagiário;Ensino Médio;Feminino;1;20;6101
Ana Sophia Sales;08/07/2005;Jurídico;Diretor;Doutorado;Masculino;0;0;6505
Isaac Mendes;09/12/2005;Vendas;Diretor;Mestrado;Feminino;0;0;4013
Sofia Ferreira;29/12/1973;RH;Coordenador;Mestrado;Feminino;0;0;7460
Theo Moura;01/03/2002;Operações;Diretor;Doutorado;Masculino;0;0;9912
Anthony Costa;17/09/1984;Vendas;Gerente;Graduação;Masculino;1;40;8781
Larissa Caldeira;21/08/1977;Financeiro;Coordenador;Fundamental;Masculino;1;20;11602
Maysa Souza;24/03/1988;Produção;C-level;Fundamental;Feminino;0;0;12679
Augusto Gonçalves;28/08/1989;Operações;Assistente;Fundamental;Masculino;0;0;3061
Luana Aragão;10/10/1961;Financeiro;Analista;Ensino Médio;Feminino;0;0;9190
Rafael Pinto;10/05/2002;Jurídico;Assistente;Mestrado;Masculino;0;0;14039
Alana Caldeira;06/06/1983;Marketing;Coordenador;Mestrado;Masculino;0;0;8768
Sabrina da Paz;28/07/2003;Financeiro;Analista;Tecnólogo;Feminino;1;34;7854
Mariana Porto;24/10/2000;TI;Assistente;Graduação;Feminino;0;0;2731
João Lucas Vieira;25/12/1981;Financeiro;Analista;Ensino Médio;Feminino;0;0;11802
Eloah Novaes;28/01/1998;Financeiro;Analista;Tecnólogo;Masculino;0;0;13998
Lorenzo Pinto;28/09/1999;Operações;Coordenador;Mestrado;Feminino;1;46;14123
Francisco Almeida;17/06/1949;Operações;C-level;Doutorado;Masculino;0;0;9305
Ana Mendes;02/02/1975;Operações;Gerente;Tecnólogo;Feminino;1;15;10390
Enrico Cardoso;26/07/1972;RH;Gerente;Fundamental;Masculino;0;0;5999
Rafaela Barbosa;14/10/1996;Operações;Assistente;Ensino Médio;Feminino;0;0;7625
Emanuella Barros;22/10/1986;Operações;C-level;Ensino Médio;Masculino;0;0;10853
Luiza Duarte;29/07/1970;Financeiro;C-level;Doutorado;Feminino;0;0;18503
Emilly Souza;21/11/1996;Operações;Assistente;Fundamental;Feminino;1;45;5360
Juliana Aragão;08/04/1968;Vendas;Diretor;Fundamental;Feminino;0;0;2669
Dra. Daniela Jesus;05/05/1981;RH;Gerente;Doutorado;Feminino;0;0;18945
Srta. Melissa Cunha;02/03/1973;RH;Analista;Fundamental;Masculino;0;0;6580
Eduarda Ribeiro;07/05/1994;Jurídico;C-level;Mestrado;Masculino;0;0;15301
Dr. Noah Farias;09/11/1962;Jurídico;C-level;Mestrado;Feminino;0;0;17396
Vitória Barbosa;28/08/1972;Vendas;Coordenador;Graduação;Feminino;0;0;15509
Helena da Rosa;13/09/1999;Operações;Estagiário;Tecnólogo;Feminino;0;0;3079
Ana Dias;19/09/1949;RH;Estagiário;Tecnólogo;Feminino;0;0;10901
Rafael Silva;28/08/1968;TI;Analista;Mestrado;Feminino;0;0;18350
Leandro Carvalho;22/12/1961;Produção;Gerente;Doutorado;Masculino;1;10;9636
Murilo Correia;26/02/1972;TI;Estagiário;Doutorado;Feminino;0;0;2525
Júlia Oliveira;05/09/2001;RH;Assistente;Mestrado;Masculino;0;0;18162
Alícia Barros;26/05/1977;TI;Gerente;Doutorado;Masculino;0;0;19921
Luna da Conceição;30/06/1978;Financeiro;Assistente;Doutorado;Feminino;0;0;5560
Murilo Rodrigues;12/04/2000;Produção;Estagiário;Tecnólogo;Feminino;1;40;3884
Elisa Carvalho;06/03/1992;Logística;Estagiário;Mestrado;Feminino;0;0;9500
Sr. Miguel Rezende;03/07/1977;Operações;Gerente;Fundamental;Feminino;0;0;10146
Juan Araújo;06/11/1970;TI;Diretor;Tecnólogo;Feminino;0;0;19066
Ian Gonçalves;13/11/1983;Jurídico;Coordenador;Fundamental;Feminino;0;0;2145
Nicolas Castro;16/11/1965;TI;Assistente;Graduação;Masculino;0;0;8715
Ana Sophia da Cruz;11/07/1996;Marketing;Gerente;Tecnólogo;Feminino;0;0;12854
Maria Fernanda Cardoso;14/05/1987;Marketing;Coordenador;Fundamental;Feminino;1;8;14792
Yuri Ramos;13/07/1960;Financeiro;C-level;Graduação;Feminino;0;0;8848
Dr. Bryan Carvalho;07/03/2001;Jurídico;Assistente;Graduação;Masculino;0;0;4605
Gabriel Souza;30/08/2000;RH;Estagiário;Graduação;Masculino;0;0;7798
Ana Clara Caldeira;04/03/1960;TI;Gerente;Graduação;Feminino;0;0;12849
Augusto Pereira;04/01/1986;Operações;Assistente;Fundamental;Masculino;0;0;5883
Samuel Rocha;01/03/2000;Vendas;Diretor;Doutorado;Feminino;0;0;14305
Raquel Alves;22/03/1996;RH;Assistente;Doutorado;Feminino;0;0;10571
Daniela Rocha;13/11/1996;RH;Diretor;Fundamental;Masculino;1;10;17592
Luiz Miguel das Neves;20/12/1968;Operações;Coordenador;Doutorado;Feminino;0;0;11827
Sr. Pedro Miguel Pinto;20/01/1984;Logística;Coordenador;Fundamental;Feminino;0;0;18392
Srta. Lívia Moreira;13/02/1989;Vendas;Gerente;Mestrado;Feminino;0;0;18031
João Pedro Lima;06/08/1987;Produção;Gerente;Tecnólogo;Masculino;0;0;9806
Erick da Luz;03/08/2001;Vendas;Assistente;Graduação;Feminino;0;0;3342
João Gabriel Silva;01/02/1987;Marketing;C-level;Fundamental;Feminino;0;0;10327
Alícia Melo;10/04/1968;Financeiro;Estagiário;Ensino Médio;Masculino;0;0;2075
Agatha Silveira;11/11/1975;Vendas;Analista;Graduação;Feminino;0;0;16245
Heloísa da Conceição;05/09/1963;RH;Analista;Graduação;Masculino;0;0;13502
Giovanna Fernandes;23/08/1998;Produção;Coordenador;Ensino Médio;Feminino;1;44;17072
João Correia;17/11/1994;RH;Assistente;Fundamental;Feminino;0;0;16100
Nicole Silva;20/05/1991;Vendas;Assistente;Doutorado;Masculino;1;22;3726
Milena Azevedo;20/03/1977;Operações;Assistente;Mestrado;Masculino;1;25;7601
Vitor Hugo Almeida;02/02/2004;Produção;Assistente;Tecnólogo;Feminino;0;0;19606
Eduarda Silveira;25/09/1980;Logística;Diretor;Tecnólogo;Feminino;0;0;16221
Maria Cecília Barbosa;15/03/1977;Financeiro;Coordenador;Ensino Médio;Masculino;1;23;7914
Sr. Benjamin Castro;14/04/1981;Marketing;Gerente;Ensino Médio;Feminino;0;0;5602
Ana Vitória Farias;12/09/1994;Jurídico;Estagiário;Graduação;Masculino;0;0;4685
Matheus da Rocha;30/04/1990;RH;Assistente;Graduação;Feminino;0;0;10510
Daniela Cavalcanti;11/05/2005;Marketing;C-level;Tecnólogo;Feminino;0;0;17569
Sra. Maria Eduarda Dias;08/06/1982;RH;Coordenador;Graduação;Feminino;0;0;11880
Diogo Peixoto;31/10/1974;Produção;Coordenador;Tecnólogo;Masculino;1;43;6110
Eduarda Pereira;17/06/1992;TI;Assistente;Mestrado;Masculino;0;0;11759
Sr. Gabriel Teixeira;25/06/1974;TI;Gerente;Ensino Médio;Masculino;0;0;10143
Clara Melo;21/04/1993;Produção;Assistente;Mestrado;Feminino;0;0;10050
Srta. Ana Luiza Almeida;05/03/2007;Vendas;Estagiário;Ensino Médio;Feminino;0;0;8391
Kaique Campos;26/05/1977;Vendas;Estagiário;Mestrado;Masculino;0;0;2611
Dra. Alexia Araújo;22/05/2004;Operações;Assistente;Fundamental;Feminino;0;0;13741
Mariane Duarte;25/02/1999;Produção;Gerente;Tecnólogo;Masculino;0;0;2705
Sr. Luiz Fernando Correia;04/09/2005;Logística;Estagiário;Graduação;Feminino;0;0;5708
Srta. Emanuelly Jesus;12/09/1982;Marketing;Gerente;Doutorado;Masculino;0;0;12671
Cauã Silva;10/02/1965;TI;C-level;Graduação;Masculino;0;0;8149
Luiz Fernando Peixoto;15/10/1969;Produção;Assistente;Doutorado;Masculino;0;0;15188
Francisco Castro;23/08/2006;Produção;Coordenador;Fundamental;Masculino;1;21;19359
Luiz Otávio da Cunha;13/06/1949;Produção;Diretor;Doutorado;Masculino;0;0;8556
Marcos Vinicius Lopes;08/04/1973;Logística;Coordenador;Tecnólogo;Feminino;0;0;15306
Julia Nunes;26/12/2006;TI;Diretor;Doutorado;Feminino;0;0;14144
Caio Moreira;31/07/1960;Jurídico;Gerente;Ensino Médio;Feminino;0;0;2311
Isabelly Viana;13/04/1995;Operações;Coordenador;Fundamental;Feminino;0;0;15537
Sr. Matheus Pinto;09/04/1968;Logística;Analista;Doutorado;Feminino;0;0;2442
Sofia Caldeira;03/02/1967;Operações;Gerente;Graduação;Masculino;0;0;11885
Gustavo Silva;01/12/1967;Vendas;Gerente;Graduação;Masculino;1;30;5258
Luiz Gustavo Lopes;19/12/1968;TI;Coordenador;Doutorado;Masculino;0;0;8554
Sarah Caldeira;09/10/1961;Vendas;Diretor;Doutorado;Feminino;1;2;12827
Vitor da Mota;28/04/2001;Marketing;Analista;Doutorado;Masculino;0;0;7920
Vitor Hugo Jesus;11/08/1975;Jurídico;Assistente;Graduação;Feminino;1;48;3099
Gabrielly Cardoso;08/07/1983;TI;Diretor;Fundamental;Feminino;0;0;18638
Luiz Gustavo Lima;17/03/1963;Marketing;C-level;Doutorado;Masculino;1;14;4616
Dra. Joana Peixoto;24/03/1962;TI;Estagiário;Graduação;Feminino;0;0;14830
Lucas Lopes;11/09/1971;Vendas;Gerente;Tecnólogo;Feminino;1;1;9219
Theo Mendes;27/01/1986;Marketing;Coordenador;Graduação;Feminino;1;50;18915
Marcelo Costela;08/04/1988;Marketing;Estagiário;Graduação;Feminino;0;0;16203
Sr. Eduardo Melo;17/11/2005;Jurídico;Gerente;Doutorado;Feminino;0;0;16419
Stephany Porto;08/05/1990;Logística;C-level;Tecnólogo;Masculino;0;0;5880
Vitória Nunes;24/09/1963;Marketing;Analista;Graduação;Feminino;0;0;4016
Daniel Freitas;15/06/1962;RH;Analista;Mestrado;Feminino;0;0;2472
Maria Eduarda Lopes;17/06/2005;Vendas;Gerente;Mestrado;Feminino;0;0;16368
Srta. Isis Ferreira;24/06/1984;RH;Assistente;Ensino Médio;Masculino;1;21;14871
Luana Carvalho;04/06/2004;TI;Assistente;Graduação;Feminino;0;0;3338
Gabriela Araújo;15/06/1991;Marketing;Assistente;Tecnólogo;Masculino;1;3;12273
Maria Vitória Nogueira;09/05/1974;Jurídico;Diretor;Doutorado;Feminino;0;0;18207
Maitê Azevedo;02/02/1991;Vendas;Diretor;Mestrado;Feminino;0;0;4403
Juan Azevedo;03/07/1992;RH;Coordenador;Mestrado;Feminino;1;16;2202
Marcela Lopes;20/12/1976;TI;Coordenador;Graduação;Masculino;1;37;18762
Raquel Peixoto;15/07/1985;Logística;Gerente;Tecnólogo;Feminino;0;0;16816
Sra. Helena Costa;17/03/1968;RH;Analista;Ensino Médio;Feminino;0;0;11804
Gabriela Pereira;14/01/1964;Financeiro;Diretor;Graduação;Masculino;0;0;14490
Ana Luiza Nunes;28/06/1972;Marketing;C-level;Fundamental;Masculino;0;0;9556
Vitor Gabriel Barbosa;13/12/2006;Produção;Coordenador;Mestrado;Feminino;0;0;17429
Sra. Isis Fernandes;21/04/1971;Marketing;Diretor;Tecnólogo;Feminino;0;0;8514
Rafael Sales;20/05/1994;Vendas;Diretor;Ensino Médio;Masculino;0;0;18094
Daniel Dias;22/05/1962;RH;Gerente;Mestrado;Feminino;0;0;10839
Sr. Samuel da Cruz;19/08/2004;Jurídico;Assistente;Mestrado;Masculino;0;0;5350
Milena Campos;27/02/1960;Vendas;Assistente;Mestrado;Feminino;0;0;16038
Emanuelly Oliveira;03/11/1971;Operações;Coordenador;Graduação;Masculino;0;0;3264
Srta. Ana Carolina da Cunha;05/03/2007;Produção;Estagiário;Fundamental;Feminino;0;0;5931
Samuel Mendes;25/04/1974;Marketing;Coordenador;Tecnólogo;Feminino;0;0;16575
Clarice Silveira;01/01/1977;Logística;Estagiário;Tecnólogo;Masculino;0;0;18500
Raquel Lopes;09/06/1998;Vendas;Gerente;Doutorado;Feminino;0;0;10940
Ana Luiza da Cruz;26/02/1976;TI;C-level;Tecnólogo;Masculino;0;0;15237
Maria Eduarda Jesus;20/08/1979;Financeiro;Diretor;Graduação;Masculino;0;0;3468
Luiz Felipe da Costa;14/04/1960;Operações;Coordenador;Fundamental;Masculino;1;44;5932
Emanuella Novaes;12/02/2002;TI;C-level;Tecnólogo;Feminino;0;0;17297
Breno Ferreira;11/09/1986;Jurídico;Assistente;Mestrado;Masculino;0;0;13411
Benício da Rocha;24/03/1978;Jurídico;Estagiário;Mestrado;Masculino;1;43;6134
Nicole Almeida;01/04/1973;Jurídico;C-level;Tecnólogo;Masculino;0;0;2698
Elisa Freitas;21/03/1983;RH;Analista;Graduação;Feminino;0;0;11104
Igor Gomes;05/08/1949;Jurídico;Analista;Doutorado;Masculino;0;0;14777
Caroline Cardoso;18/09/1992;Produção;Analista;Tecnólogo;Feminino;1;3;5815
Vitor Gabriel Porto;21/05/1966;Jurídico;Gerente;Tecnólogo;Masculino;0;0;13002
Olivia Costela;25/06/2006;Operações;Gerente;Ensino Médio;Masculino;0;0;11820
Bárbara Cardoso;17/06/2002;Produção;Gerente;Tecnólogo;Masculino;1;19;7644
Melissa Barbosa;10/09/1960;TI;Assistente;Graduação;Masculino;0;0;9073
Ana Carolina da Luz;22/10/2000;Operações;Diretor;Graduação;Feminino;0;0;4927
Vitor Hugo Cardoso;12/09/1962;TI;Coordenador;Graduação;Masculino;1;20;16541
Ana Vitória da Luz;02/10/1970;Vendas;Diretor;Tecnólogo;Masculino;0;0;18731
Benício da Conceição;30/05/1984;RH;Assistente;Tecnólogo;Feminino;0;0;19934
Vitor Gabriel Silveira;27/06/2001;Marketing;Gerente;Graduação;Masculino;0;0;14038
Srta. Agatha Moreira;28/10/2000;Logística;Coordenador;Graduação;Masculino;0;0;11486
Nina Moreira;19/02/1997;TI;Analista;Ensino Médio;Feminino;0;0;13854
Sra. Maria Vitória Almeida;09/09/1961;TI;Analista;Tecnólogo;Masculino;1;5;11099
Leonardo Ribeiro;06/07/1970;Produção;Diretor;Ensino Médio;Feminino;0;0;14335
Luiza Cardoso;21/07/1962;Produção;Coordenador;Ensino Médio;Feminino;0;0;10453
Ana Vitória Aragão;26/08/1963;Operações;Analista;Graduação;Masculino;0;0;13194
Marina Cardoso;19/02/2005;Vendas;Coordenador;Ensino Médio;Feminino;0;0;14514
Ana Beatriz Farias;08/03/1971;Operações;Assistente;Ensino Médio;Feminino;0;0;6528
Emanuella Rocha;13/11/1991;RH;C-level;Tecnólogo;Masculino;0;0;4189
Sra. Ana Carolina da Luz;05/01/1999;Produção;C-level;Tecnólogo;Masculino;0;0;7986
Isabella Caldeira;04/12/1975;RH;Diretor;Fundamental;Feminino;0;0;11336
Alícia da Mota;11/02/1961;RH;Estagiário;Fundamental;Masculino;1;43;10689
Vitor da Mata;10/12/1982;Jurídico;C-level;Doutorado;Masculino;0;0;5776
Milena Martins;26/03/1988;Logística;Estagiário;Doutorado;Masculino;0;0;9089
Yasmin da Cunha;11/10/1990;Logística;Diretor;Ensino Médio;Masculino;0;0;5958
Eduardo Santos;14/11/1960;Financeiro;C-level;Mestrado;Feminino;0;0;14637
Benjamin Silva;04/04/1985;Vendas;C-level;Doutorado;Masculino;0;0;18595
Sabrina Ramos;22/09/1972;Produção;Coordenador;Graduação;Masculino;0;0;18905
Sra. Ana Laura Cavalcanti;18/08/1984;TI;Assistente;Fundamental;Feminino;0;0;8480
Isabel Oliveira;22/07/1982;Marketing;Coordenador;Doutorado;Feminino;0;0;19753
Otávio da Cunha;26/03/1975;Jurídico;Diretor;Fundamental;Masculino;0;0;10448
Breno Moraes;09/04/1960;Financeiro;Analista;Mestrado;Masculino;0;0;11542
Danilo da Luz;02/04/1987;Vendas;Analista;Doutorado;Feminino;1;39;11107
Srta. Isadora Araújo;14/05/1984;Logística;C-level;Mestrado;Feminino;1;1;10976
Dr. Otávio Nascimento;10/02/1973;Produção;Analista;Graduação;Feminino;0;0;18968
Luiza da Mata;19/06/1974;RH;Assistente;Tecnólogo;Feminino;0;0;10783
Elisa Azevedo;24/02/2003;Produção;Diretor;Graduação;Masculino;0;0;7284
Nathan Carvalho;09/01/2001;Operações;Coordenador;Doutorado;Feminino;0;0;5476
Maysa Gonçalves;14/08/2001;Marketing;Diretor;Ensino Médio;Feminino;0;0;3269
Raquel Pinto;04/10/1975;RH;Coordenador;Doutorado;Masculino;0;0;4223
Alana da Mota;05/05/1962;TI;Estagiário;Graduação;Feminino;0;0;15186
Pietra Souza;02/05/1984;Jurídico;Assistente;Ensino Médio;Feminino;0;0;15753
Cauã da Rosa;04/06/1986;Operações;Coordenador;Tecnólogo;Masculino;0;0;11063
Sra. Maitê Pereira;02/05/1999;RH;C-level;Fundamental;Masculino;0;0;5533
Dr. André Monteiro;10/10/1988;Financeiro;C-level;Graduação;Feminino;0;0;5609
Danilo Lima;23/10/1973;Produção;C-level;Doutorado;Masculino;0;0;2792
Dr. Fernando Pereira;03/10/1987;Produção;Diretor;Graduação;Feminino;0;0;10266
Ana Beatriz Porto;28/03/1968;Produção;C-level;Fundamental;Feminino;0;0;17734
Mirella da Rocha;04/02/2004;Operações;Coordenador;Doutorado;Masculino;0;0;12647
Sr. Danilo Caldeira;04/04/1994;RH;Coordenador;Doutorado;Masculino;0;0;9536
Camila Ribeiro;13/10/2000;Financeiro;Diretor;Graduação;Feminino;0;0;3237
Isadora Rocha;02/04/1980;Marketing;Estagiário;Mestrado;Feminino;0;0;3572
Stephany Dias;04/12/1981;Marketing;Estagiário;Graduação;Feminino;0;0;19781
Carolina Silveira;29/01/1987;Produção;Gerente;Fundamental;Feminino;0;0;19108
Mariane Teixeira;30/07/1974;Produção;Estagiário;Fundamental;Masculino;0;0;12019
Cauã Cunha;11/01/1998;Jurídico;Diretor;Tecnólogo;Feminino;0;0;2549
Eduardo Rezende;17/01/1995;RH;Coordenador;Tecnólogo;Feminino;0;0;5086
Enzo Gabriel da Rosa;28/03/1964;Financeiro;Assistente;Graduação;Feminino;0;0;14478
Enzo Nascimento;27/06/1963;TI;Coordenador;Graduação;Feminino;0;0;13614
Maria Alice Rodrigues;03/06/2003;Produção;Gerente;Doutorado;Masculino;1;5;2190
Murilo Rezende;27/11/1963;RH;Analista;Ensino Médio;Feminino;0;0;14385
Sr. João Vitor Almeida;25/07/1980;RH;Assistente;Tecnólogo;Masculino;0;0;7198
Sr. João Miguel Costela;13/01/1981;Logística;Gerente;Doutorado;Masculino;0;0;9622
Sr. Bruno Moraes;12/09/1963;Produção;Analista;Doutorado;Feminino;0;0;16706
Marina da Mota;28/01/1998;Jurídico;Estagiário;Mestrado;Feminino;0;0;9094
Clarice Nascimento;06/01/1970;Financeiro;Gerente;Mestrado;Feminino;0;0;7492
Erick Nascimento;13/07/2003;Marketing;Estagiário;Graduação;Masculino;0;0;15654
Marcelo da Rocha;03/04/1969;Operações;Gerente;Fundamental;Masculino;1;32;19652
Dr. Thales Pinto;23/03/1979;Vendas;Estagiário;Graduação;Masculino;0;0;12119
Theo Sales;26/06/2006;Operações;Analista;Mestrado;Feminino;1;11;11045
Pedro Pires;03/06/1984;Financeiro;Assistente;Fundamental;Feminino;0;0;15505
Lara da Rocha;26/01/1970;Marketing;C-level;Mestrado;Feminino;1;5;7279
Eloah Almeida;28/11/1996;Financeiro;Diretor;Doutorado;Feminino;0;0;12050
Lorenzo Nunes;08/12/1984;TI;Coordenador;Ensino Médio;Feminino;1;19;3409
Júlia Peixoto;27/07/1995;Jurídico;Estagiário;Mestrado;Feminino;0;0;2270
Eduardo Novaes;10/08/1996;TI;Coordenador;Tecnólogo;Masculino;0;0;17647
Lorenzo Teixeira;31/03/1986;TI;Assistente;Tecnólogo;Masculino;0;0;2416
Marcelo Martins;01/11/2006;Operações;Gerente;Fundamental;Masculino;0;0;2910
Camila Santos;07/07/2004;Financeiro;Assistente;Fundamental;Feminino;0;0;18501
Dr. Lucas Gabriel Oliveira;29/01/2001;Operações;Coordenador;Doutorado;Feminino;0;0;19950
Ana Carolina Lima;17/12/1949;Operações;Analista;Doutorado;Masculino;0;0;14903
Valentina Moraes;13/02/1969;Jurídico;Assistente;Graduação;Feminino;1;47;5935
Srta. Ana Clara Souza;09/12/1981;Operações;Gerente;Ensino Médio;Feminino;1;4;4698
Kevin Costela;23/05/1983;Operações;Assistente;Graduação;Feminino;0;0;9196
Luiz Henrique Gonçalves;14/04/1974;Financeiro;Analista;Graduação;Masculino;1;15;12124
Luiz Gustavo Dias;30/08/2005;Operações;Estagiário;Ensino Médio;Masculino;1;37;13899
Matheus Moura;02/11/1969;Vendas;Coordenador;Ensino Médio;Feminino;0;0;15509
Dr. Bryan Alves;07/11/1962;Logística;C-level;Fundamental;Feminino;0;0;7344
Olivia Correia;09/11/1968;Financeiro;Assistente;Tecnólogo;Feminino;1;5;2441
Danilo Pires;10/10/1977;Vendas;Estagiário;Ensino Médio;Feminino;0;0;17012
Heitor Aragão;01/02/1998;RH;Estagiário;Fundamental;Masculino;1;11;14772
Ana Vitória Pires;17/07/1999;Vendas;C-level;Tecnólogo;Feminino;0;0;19020
Maria Fernanda Moreira;23/12/1981;Operações;C-level;Graduação;Feminino;1;28;5760
Gustavo da Mota;31/12/1981;TI;C-level;Fundamental;Feminino;0;0;12021
Theo da Conceição;31/07/2005;Marketing;Estagiário;Fundamental;Feminino;0;0;9595
Elisa Ribeiro;25/07/1975;Jurídico;Estagiário;Fundamental;Feminino;0;0;18106
Isaac Santos;25/09/1984;Operações;C-level;Mestrado;Feminino;0;0;7236
Sr. Paulo Gomes;14/03/1991;Operações;Analista;Fundamental;Masculino;0;0;10291
Francisco Silveira;16/10/1979;Financeiro;Coordenador;Tecnólogo;Masculino;0;0;3687
Ana Vitória Sales;09/01/1999;Vendas;Gerente;Doutorado;Feminino;0;0;12156
Alícia da Mata;01/08/1988;RH;C-level;Doutorado;Masculino;0;0;4185
Sra. Agatha Porto;22/06/1991;Produção;Analista;Ensino Médio;Masculino;0;0;5602
Sophie Jesus;18/06/1977;Marketing;Coordenador;Doutorado;Feminino;0;0;5098
Dr. Paulo Fernandes;05/07/1990;Logística;Estagiário;Ensino Médio;Masculino;0;0;8160
Heitor da Cunha;02/03/1973;Produção;Estagiário;Doutorado;Feminino;0;0;7178
Srta. Julia Araújo;15/02/2007;Logística;C-level;Graduação;Masculino;0;0;4243
Thomas Pires;12/03/1993;TI;Assistente;Doutorado;Feminino;1;41;4574
Dr. João Felipe das Neves;13/08/1960;Marketing;Diretor;Mestrado;Feminino;0;0;11364
Pedro Henrique Aragão;28/03/1964;TI;Assistente;Fundamental;Feminino;0;0;5240
Davi Lucas Nogueira;10/03/1986;RH;Estagiário;Mestrado;Masculino;0;0;13737
Vicente Santos;10/04/1976;TI;Analista;Ensino Médio;Feminino;0;0;9978
Enzo Gabriel Novaes;07/05/1963;TI;Gerente;Doutorado;Feminino;1;25;7921
Antônio Silva;13/03/1961;Logística;Coordenador;Ensino Médio;Feminino;0;0;3765
Ana Júlia Alves;05/12/1983;Operações;Gerente;Doutorado;Feminino;1;44;8068
Cauê da Rosa;26/03/1992;Marketing;Diretor;Mestrado;Masculino;0;0;13289
Maria Julia Azevedo;29/07/1968;RH;Coordenador;Ensino Médio;Feminino;0;0;11722
Sr. Yuri Peixoto;26/07/2000;RH;C-level;Doutorado;Feminino;0;0;18084
Marcos Vinicius Farias;24/07/1992;Jurídico;C-level;Graduação;Feminino;0;0;5410
Heloísa da Cruz;19/06/2000;Vendas;Gerente;Mestrado;Masculino;1;36;6456
Raquel Gonçalves;08/10/1992;Marketing;C-level;Graduação;Masculino;0;0;11159
Srta. Daniela Moreira;19/06/1992;RH;C-level;Fundamental;Masculino;0;0;6373
Ana Clara Moreira;14/07/1985;Operações;Analista;Fundamental;Feminino;0;0;3073
Vicente Pinto;03/05/1994;Produção;Diretor;Tecnólogo;Masculino;0;0;17796
Henrique Aragão;08/01/1997;Financeiro;C-level;Mestrado;Feminino;0;0;10491
Isabel Costa;22/09/1976;Financeiro;Estagiário;Fundamental;Feminino;0;0;13641
Benjamin da Mota;24/06/1994;Produção;Gerente;Graduação;Feminino;0;0;15191
Alice Cavalcanti;18/03/1971;Logística;Assistente;Ensino Médio;Feminino;0;0;11431
João Pedro Nunes;20/10/2006;Logística;C-level;Ensino Médio;Feminino;1;16;8175
Marcela Moura;17/05/1992;Produção;Diretor;Tecnólogo;Masculino;0;0;4197
Emilly Cunha;06/08/1975;Operações;C-level;Ensino Médio;Masculino;0;0;3633
Cauê da Costa;09/06/1995;Produção;Coordenador;Doutorado;Masculino;1;27;15230
Caroline Oliveira;11/04/1961;Operações;Diretor;Tecnólogo;Feminino;0;0;3448
Pietro Ramos;09/12/2001;Operações;Analista;Tecnólogo;Feminino;1;1;8664
Davi Lucas Freitas;20/02/2006;Vendas;Diretor;Tecnólogo;Masculino;0;0;5652
Sra. Rebeca da Rosa;06/01/1992;RH;Estagiário;Doutorado;Feminino;0;0;8060
Sra. Ana Vitória Farias;14/04/2003;Operações;Assistente;Graduação;Feminino;1;23;16165
Dr. Igor Melo;08/03/2002;TI;Assistente;Graduação;Masculino;0;0;4349
Dra. Sabrina Pinto;21/10/2003;Produção;Assistente;Graduação;Feminino;0;0;19361
Lavínia Ferreira;11/08/1998;Financeiro;Assistente;Doutorado;Feminino;1;4;10552
Vitor Gabriel Martins;04/02/1974;TI;Diretor;Tecnólogo;Masculino;0;0;10146
Davi Lucca Carvalho;03/10/1973;Jurídico;C-level;Mestrado;Feminino;1;28;2178
Maria Sophia das Neves;01/07/1969;Operações;Estagiário;Tecnólogo;Masculino;0;0;14609
Luiz Fernando Sales;19/05/1980;Financeiro;Assistente;Mestrado;Masculino;0;0;8741
Maria Eduarda Freitas;26/04/2005;Jurídico;Analista;Doutorado;Masculino;0;0;13152
Rafaela Cavalcanti;08/10/1974;Jurídico;Diretor;Ensino Médio;Feminino;0;0;4957
Enzo Gabriel Moreira;05/01/1966;Marketing;Analista;Mestrado;Feminino;0;0;3339
Dra. Marina da Rosa;23/02/2006;Jurídico;Assistente;Fundamental;Masculino;0;0;4107
Marcos Vinicius Carvalho;29/04/1991;Produção;Diretor;Ensino Médio;Feminino;0;0;10559
Mariana Santos;28/06/1985;TI;Diretor;Fundamental;Feminino;0;0;7329
Stella Correia;16/12/2000;Produção;C-level;Ensino Médio;Masculino;0;0;18601
Srta. Yasmin Cunha;12/07/1999;RH;Gerente;Graduação;Feminino;1;29;13960
Dr. João Pedro Cunha;07/10/1967;RH;Diretor;Ensino Médio;Masculino;0;0;14552
Davi Lucca da Costa;01/04/1965;Produção;Coordenador;Tecnólogo;Feminino;0;0;14305
Yasmin Pinto;01/12/1989;TI;Gerente;Tecnólogo;Masculino;1;4;10428
Maria Eduarda Sales;13/10/1978;Operações;Gerente;Ensino Médio;Masculino;0;0;5481
Fernando Cunha;20/09/1983;Logística;Estagiário;Graduação;Feminino;1;18;10243
Pedro Lucas Martins;24/06/1971;Produção;Gerente;Fundamental;Feminino;1;36;4344
Dr. Danilo das Neves;16/07/1976;Jurídico;Coordenador;Tecnólogo;Feminino;1;48;8104
Enrico das Neves;31/03/1962;Produção;Estagiário;Tecnólogo;Masculino;1;21;12794
Fernando Nogueira;14/03/1990;Produção;Coordenador;Graduação;Masculino;1;28;2133
Dr. Igor Vieira;11/06/1968;RH;Coordenador;Graduação;Feminino;0;0;10234
Natália da Conceição;18/01/1966;Produção;Diretor;Graduação;Masculino;0;0;9454
Nathan Mendes;06/03/1965;Operações;Coordenador;Graduação;Masculino;0;0;18938
Marcela Vieira;23/09/1968;Financeiro;Coordenador;Fundamental;Masculino;0;0;2793
Luiza Silveira;26/12/2005;Logística;Diretor;Ensino Médio;Masculino;1;17;13009
Cecília Souza;04/02/2004;Operações;C-level;Tecnólogo;Feminino;0;0;9635
Sr. Thomas Lopes;02/11/1975;Operações;Coordenador;Doutorado;Masculino;0;0;16774
Emanuel Ferreira;04/10/1983;Produção;Estagiário;Fundamental;Feminino;0;0;17029
Rodrigo Silveira;29/04/1977;RH;C-level;Graduação;Masculino;0;0;10163
Sra. Clara da Paz;29/10/1960;Marketing;Diretor;Ensino Médio;Feminino;1;33;19544
Kevin da Costa;15/10/1978;Operações;Assistente;Graduação;Masculino;0;0;10397
Sabrina Moura;29/05/1995;Marketing;Diretor;Fundamental;Masculino;0;0;12986
Sr. João Martins;19/07/1969;Financeiro;Assistente;Tecnólogo;Masculino;0;0;4608
Dr. Calebe Nascimento;16/02/1977;Vendas;Analista;Tecnólogo;Masculino;0;0;8094
Rafael Caldeira;14/10/1963;Financeiro;Gerente;Tecnólogo;Feminino;0;0;17003
Dr. Pietro Caldeira;10/05/1980;Operações;Gerente;Graduação;Feminino;0;0;6182
Ana Luiza Pires;17/07/2000;Marketing;Gerente;Doutorado;Masculino;0;0;8329
Matheus Cunha;22/04/1991;Produção;Estagiário;Fundamental;Feminino;0;0;4391
Erick Freitas;13/08/1967;Vendas;Assistente;Graduação;Masculino;0;0;6089
Francisco da Conceição;20/01/1979;Marketing;C-level;Mestrado;Masculino;1;28;5433
Sr. Pedro Lucas Alves;23/06/1961;Operações;Gerente;Graduação;Masculino;0;0;4509
João Gabriel Oliveira;21/02/1991;RH;Gerente;Mestrado;Feminino;0;0;14197
Rodrigo Azevedo;10/02/1982;Jurídico;Analista;Mestrado;Masculino;1;7;16698
Emanuella Nogueira;15/01/1965;Jurídico;Diretor;Fundamental;Masculino;0;0;5083
Maria Azevedo;11/09/2003;TI;Coordenador;Tecnólogo;Masculino;1;12;19907
Júlia Costa;12/11/1986;Operações;C-level;Doutorado;Masculino;0;0;16501
Marina da Luz;10/01/1974;TI;Coordenador;Graduação;Masculino;0;0;11333
Giovanna Ramos;26/07/1974;Operações;Gerente;Doutorado;Masculino;0;0;3848
Augusto Barbosa;15/12/1965;Operações;Gerente;Doutorado;Feminino;0;0;5458
Srta. Mariana Moreira;21/10/1975;Logística;Coordenador;Graduação;Feminino;0;0;2452
Sra. Emanuelly Castro;27/06/1981;Logística;Assistente;Ensino Médio;Feminino;0;0;18355
Ian Nunes;11/12/2006;Logística;Diretor;Fundamental;Masculino;0;0;5250
Elisa Porto;23/03/1970;Financeiro;Coordenador;Doutorado;Masculino;0;0;7530
Sra. Valentina Gomes;25/10/1968;Marketing;Assistente;Doutorado;Masculino;1;6;4711
Isaac Monteiro;26/10/1970;Jurídico;Diretor;Fundamental;Masculino;1;34;18562
Dra. Ana Luiza Lima;01/02/1972;RH;Assistente;Doutorado;Feminino;0;0;5723
Bianca Lima;13/08/1972;TI;Diretor;Graduação;Feminino;0;0;19559
Emanuella da Rocha;13/07/1998;Jurídico;C-level;Graduação;Feminino;0;0;8962
Bianca Azevedo;11/04/1992;Operações;C-level;Fundamental;Masculino;0;0;19483
Dra. Maysa Sales;08/10/2002;Produção;C-level;Doutorado;Masculino;0;0;16356
Pedro Henrique da Mata;15/12/2005;Financeiro;Analista;Tecnólogo;Feminino;1;20;12240
Julia da Mata;23/12/1989;TI;Diretor;Graduação;Feminino;0;0;9251
Cauê Pires;08/07/1980;Marketing;Diretor;Mestrado;Masculino;0;0;9936
Sarah Fernandes;24/11/1968;Financeiro;C-level;Fundamental;Masculino;1;32;12354
Emanuelly Porto;24/07/2003;TI;Analista;Graduação;Masculino;0;0;14615
Nicolas Oliveira;01/01/1989;RH;C-level;Doutorado;Masculino;1;31;19196
Dr. Vitor Gabriel da Cruz;30/12/1963;Produção;Analista;Ensino Médio;Masculino;0;0;9376
Lavínia Oliveira;19/03/1965;Vendas;Gerente;Fundamental;Masculino;0;0;10415
Igor Cavalcanti;01/12/2005;Vendas;Analista;Fundamental;Feminino;1;38;19147
Maitê Mendes;15/12/2002;TI;Estagiário;Graduação;Feminino;0;0;9314
Carolina Ramos;08/12/1975;Operações;Assistente;Doutorado;Masculino;0;0;2635
Ana Beatriz Martins;08/06/1987;Produção;Diretor;Doutorado;Masculino;0;0;12762
Stella Monteiro;13/06/1996;TI;Gerente;Tecnólogo;Masculino;0;0;10802
Davi Lima;24/09/1997;Logística;C-level;Doutorado;Masculino;1;31;7873
Rebeca Silva;28/11/2006;RH;Diretor;Mestrado;Masculino;0;0;13995
Rafael Novaes;25/12/2004;Operações;Assistente;Doutorado;Masculino;0;0;16302
Dra. Marina Mendes;04/08/1960;Logística;C-level;Graduação;Masculino;1;11;5186
Isabelly Moraes;12/08/2001;TI;Analista;Mestrado;Feminino;0;0;14151
Milena Silveira;09/12/1968;Vendas;Estagiário;Fundamental;Masculino;0;0;6235
Srta. Pietra Ferreira;31/08/1967;Jurídico;Assistente;Graduação;Feminino;0;0;3656
João Pedro Caldeira;23/11/1960;Operações;Estagiário;Graduação;Masculino;0;0;16017
Thomas Lopes;08/03/1972;Jurídico;Coordenador;Ensino Médio;Feminino;0;0;7404
Ryan Dias;30/03/1982;Operações;Coordenador;Tecnólogo;Feminino;1;43;11573
Mariana Freitas;25/03/2002;RH;C-level;Doutorado;Feminino;0;0;15589
Dr. Luiz Fernando Rezende;07/08/1988;TI;Diretor;Mestrado;Masculino;0;0;2858
Pietro Alves;03/03/1991;Produção;Estagiário;Mestrado;Feminino;1;42;3914
Mariane Lima;19/05/2006;Logística;Assistente;Graduação;Feminino;0;0;16906
Cauê Lopes;28/03/2004;Financeiro;Gerente;Graduação;Feminino;0;0;18312
Isaac da Mota;28/10/1987;TI;Coordenador;Doutorado;Feminino;1;36;19099
Cauê Costela;26/07/1969;RH;C-level;Doutorado;Feminino;1;27;18854
Larissa da Mata;02/11/1979;RH;Gerente;Graduação;Masculino;0;0;9530
Ana Carolina Viana;19/03/1969;RH;Coordenador;Fundamental;Feminino;0;0;16613
Ana Luiza Santos;20/04/1970;Marketing;Assistente;Doutorado;Masculino;0;0;11429
Matheus Novaes;01/03/1975;RH;Estagiário;Doutorado;Masculino;0;0;17282
Rafaela Sales;05/09/1979;Jurídico;Diretor;Doutorado;Masculino;0;0;11802
Pietra Vieira;27/11/1986;Marketing;Analista;Tecnólogo;Feminino;0;0;5761
Nina Alves;30/09/1962;Jurídico;Coordenador;Ensino Médio;Masculino;0;0;14917
Carolina Nogueira;11/03/1979;Logística;Gerente;Doutorado;Masculino;1;41;12602
Clarice Freitas;20/01/1978;Vendas;Assistente;Mestrado;Feminino;0;0;17980
Gustavo Henrique Melo;15/10/1973;RH;Coordenador;Fundamental;Feminino;0;0;10079
Enrico Castro;19/11/2003;Logística;Assistente;Fundamental;Masculino;0;0;6788
Leandro Silveira;25/07/1961;Jurídico;Assistente;Fundamental;Masculino;0;0;13205
Sra. Beatriz Fernandes;21/06/1984;TI;Coordenador;Mestrado;Masculino;0;0;3176
Vicente da Cunha;09/07/1984;Operações;Analista;Mestrado;Feminino;1;12;6515
Maitê Rodrigues;10/03/1977;RH;Coordenador;Fundamental;Masculino;0;0;10805
Vinicius Lima;05/01/1984;Produção;Coordenador;Tecnólogo;Feminino;0;0;16447
Dr. Diego Correia;29/10/1987;RH;C-level;Doutorado;Masculino;0;0;13318
Dr. Bryan Moraes;12/10/1973;Marketing;Gerente;Ensino Médio;Feminino;0;0;13174
Dr. Calebe Gonçalves;25/07/2005;Produção;Assistente;Mestrado;Feminino;1;9;10650
Srta. Ana Sales;25/01/1982;Vendas;Estagiário;Doutorado;Masculino;0;0;16955
Leandro Aragão;03/02/1962;Operações;Coordenador;Tecnólogo;Masculino;0;0;19569
Enzo Oliveira;28/02/1981;Logística;Analista;Mestrado;Feminino;0;0;6801
Lucas Cavalcanti;01/06/1972;Logística;Assistente;Fundamental;Feminino;0;0;6226
Diego Sales;10/12/2006;TI;Diretor;Mestrado;Feminino;0;0;4095
Sra. Natália Alves;06/09/1970;Produção;Diretor;Fundamental;Feminino;0;0;11781
Fernando Moreira;14/02/1967;Produção;C-level;Fundamental;Masculino;0;0;15004
Giovanna Aragão;02/06/1983;Operações;Diretor;Graduação;Masculino;0;0;17588
Natália Vieira;09/09/1998;TI;Diretor;Doutorado;Feminino;1;48;6905
Daniel Santos;21/04/2007;Vendas;Diretor;Tecnólogo;Feminino;1;44;2156
Leandro Ramos;31/10/2000;Jurídico;Assistente;Doutorado;Masculino;0;0;14927
Rodrigo Pires;19/03/1962;Operações;Analista;Graduação;Masculino;0;0;10372
Marcos Vinicius Jesus;09/11/1961;Financeiro;Coordenador;Doutorado;Masculino;0;0;5681
Luigi da Conceição;23/04/2004;Financeiro;Diretor;Doutorado;Feminino;0;0;16538
João Lucas Lopes;25/11/1962;Operações;Estagiário;Doutorado;Feminino;0;0;8038
Sra. Marina Nogueira;23/07/1960;Operações;Estagiário;Graduação;Feminino;0;0;2095
Dra. Maysa Mendes;15/12/1983;Operações;Gerente;Fundamental;Feminino;1;2;7242
Vicente Novaes;14/11/1984;Financeiro;C-level;Mestrado;Masculino;0;0;18655
Milena Costela;25/08/1993;Produção;Gerente;Ensino Médio;Masculino;0;0;8729
Ana Sophia da Conceição;18/05/1976;RH;Estagiário;Ensino Médio;Masculino;1;24;14070
Esther da Luz;07/07/1984;Financeiro;Coordenador;Ensino Médio;Feminino;0;0;11259
Bruna Mendes;23/09/1963;RH;Estagiário;Ensino Médio;Feminino;0;0;8425
Dra. Fernanda da Paz;15/02/2006;Vendas;Estagiário;Tecnólogo;Masculino;0;0;6950
João Guilherme da Rocha;24/05/1994;Vendas;Coordenador;Fundamental;Feminino;1;17;4305
Catarina Ramos;08/09/1976;Jurídico;Assistente;Fundamental;Masculino;0;0;18558
Maria Eduarda Mendes;03/06/2001;TI;Analista;Mestrado;Feminino;0;0;19127
Clara Rocha;18/12/1969;RH;Diretor;Doutorado;Masculino;0;0;3315
Isis Cunha;05/01/1995;Operações;Analista;Fundamental;Masculino;0;0;2267
Daniel Rezende;31/08/2000;TI;Coordenador;Fundamental;Feminino;0;0;12156
Bryan Silva;30/01/1968;Operações;C-level;Tecnólogo;Feminino;0;0;7731
Stella Barbosa;16/09/1980;Operações;Estagiário;Fundamental;Masculino;0;0;10494
Gabrielly Castro;04/05/1993;Marketing;Analista;Fundamental;Masculino;0;0;12930
Letícia Barbosa;05/05/2003;Operações;Gerente;Doutorado;Feminino;0;0;14931
Dr. Thiago da Conceição;16/02/1987;RH;Diretor;Fundamental;Feminino;0;0;3147
Dr. Davi Lucca Carvalho;05/08/1949;Vendas;Gerente;Tecnólogo;Masculino;0;0;5286
Vitória Fogaça;04/07/2002;Logística;C-level;Fundamental;Feminino;0;0;10636
Samuel da Luz;24/03/1997;RH;Estagiário;Doutorado;Masculino;0;0;18896
Sra. Daniela Melo;07/09/1962;Jurídico;Estagiário;Mestrado;Feminino;1;7;14812
Yasmin Martins;08/08/1991;TI;Coordenador;Mestrado;Masculino;1;46;10069
Thomas Nogueira;01/12/1991;Financeiro;C-level;Doutorado;Feminino;0;0;9766
Melissa Viana;20/10/2003;Jurídico;Assistente;Graduação;Masculino;0;0;12983
Enrico Gomes;19/09/1965;Vendas;Coordenador;Doutorado;Feminino;0;0;2734
João Vitor Moura;30/09/1964;Operações;Diretor;Graduação;Masculino;1;47;2643
Calebe Campos;08/08/1966;Operações;C-level;Ensino Médio;Feminino;0;0;17201
Luiz Gustavo Gonçalves;31/12/1977;Operações;Coordenador;Graduação;Feminino;0;0;14138
Anthony Almeida;13/12/1987;TI;Diretor;Doutorado;Feminino;1;42;15280
Srta. Ana Clara Castro;07/03/1960;TI;Assistente;Graduação;Masculino;0;0;3209
Clarice Barbosa;13/04/1967;TI;Assistente;Mestrado;Masculino;0;0;5189
Pietro Caldeira;16/02/1999;Operações;C-level;Mestrado;Masculino;0;0;3914
Erick Alves;03/12/1981;RH;Diretor;Graduação;Feminino;0;0;7861
Igor da Rocha;28/09/1963;Operações;Diretor;Mestrado;Feminino;0;0;18157
Maitê da Cunha;05/05/1973;RH;Estagiário;Graduação;Masculino;1;26;19998
Nina da Rocha;05/05/2007;Vendas;Assistente;Mestrado;Feminino;0;0;4989
Isabella das Neves;24/11/2002;RH;Gerente;Fundamental;Feminino;0;0;12547
Pietra Rezende;16/12/1997;Operações;Analista;Fundamental;Feminino;1;18;19474
Fernanda Moreira;25/10/2000;Produção;Assistente;Fundamental;Masculino;0;0;6997
Srta. Isadora Duarte;14/03/1984;Logística;C-level;Doutorado;Feminino;0;0;10353
Sr. Paulo Gonçalves;17/09/2003;Marketing;Gerente;Doutorado;Masculino;0;0;10861
Srta. Olivia Mendes;23/10/1961;Operações;Gerente;Mestrado;Masculino;0;0;9066
Lorenzo Dias;11/02/1978;Operações;Diretor;Doutorado;Masculino;0;0;16903
Francisco Oliveira;23/11/1991;Marketing;Gerente;Graduação;Masculino;0;0;14774
Vicente Carvalho;09/03/1965;TI;Estagiário;Mestrado;Masculino;0;0;12014
Mariane Cavalcanti;11/07/1983;Financeiro;C-level;Mestrado;Feminino;0;0;6049
Sra. Gabriela Vieira;19/10/1979;Produção;Gerente;Fundamental;Feminino;0;0;17851
Joana das Neves;12/09/1971;Marketing;Assistente;Fundamental;Masculino;0;0;13028
Heitor Martins;02/09/1963;Operações;Diretor;Graduação;Feminino;0;0;12055
Maria Alice Moraes;28/02/1975;Logística;Estagiário;Tecnólogo;Masculino;0;0;9654
Laura Viana;10/02/1990;Financeiro;C-level;Graduação;Masculino;0;0;10012
Joana Teixeira;10/02/1970;Financeiro;Assistente;Mestrado;Masculino;0;0;19238
Vinicius Barros;25/06/1961;TI;Analista;Ensino Médio;Feminino;0;0;18152
Isabelly Gonçalves;26/03/1973;Logística;C-level;Doutorado;Feminino;0;0;10089
Carolina Mendes;05/02/1977;Logística;Diretor;Mestrado;Masculino;1;48;7078
Lara Almeida;02/04/2000;TI;Diretor;Graduação;Feminino;1;7;12209
Letícia da Luz;22/02/2004;RH;Gerente;Tecnólogo;Feminino;0;0;2391
Cauê da Paz;29/09/1970;Vendas;C-level;Ensino Médio;Masculino;0;0;11674
Clara Santos;05/07/1971;Vendas;Estagiário;Graduação;Feminino;0;0;4742
Pedro Ferreira;14/10/1983;Logística;Estagiário;Doutorado;Feminino;0;0;10051
Vinicius Cunha;02/01/1972;Produção;Estagiário;Tecnólogo;Feminino;1;5;11651
Luiza Araújo;22/09/1969;Logística;Estagiário;Fundamental;Masculino;0;0;14269
Luiz Henrique Lopes;03/11/1991;Marketing;Diretor;Fundamental;Feminino;0;0;19180
Juliana Silveira;20/12/2001;Produção;Diretor;Doutorado;Feminino;0;0;3830
Marina Viana;08/04/2003;Operações;Diretor;Fundamental;Masculino;0;0;10684
Isabella da Conceição;25/03/1982;Jurídico;C-level;Mestrado;Masculino;0;0;5136
Thomas Peixoto;01/05/1997;Operações;Assistente;Tecnólogo;Masculino;1;25;19167
Luiz Gustavo Caldeira;21/01/1969;RH;C-level;Mestrado;Masculino;0;0;10946
João Souza;26/07/1978;Jurídico;C-level;Ensino Médio;Masculino;0;0;9115
Stella Gomes;01/01/1998;Operações;Coordenador;Doutorado;Masculino;0;0;7996
Nicolas da Cunha;20/06/1986;Vendas;Assistente;Fundamental;Masculino;0;0;3081
Kevin Lopes;17/11/1973;RH;Assistente;Graduação;Masculino;0;0;11425
Heloísa Gomes;01/07/1975;TI;Coordenador;Mestrado;Feminino;1;10;11626
João Viana;21/05/1968;Jurídico;Estagiário;Graduação;Masculino;0;0;6613
Cauê Duarte;26/06/1965;Operações;Coordenador;Fundamental;Masculino;0;0;3896
Ana Beatriz da Mota;24/11/1994;Vendas;Coordenador;Fundamental;Masculino;0;0;7896
Evelyn Caldeira;22/11/1986;TI;Diretor;Graduação;Feminino;0;0;17330
Isabelly Costa;12/01/2005;Operações;Estagiário;Mestrado;Masculino;0;0;10742
Sr. Diogo da Cruz;30/03/1996;Vendas;Analista;Tecnólogo;Masculino;0;0;14263
Enzo Gabriel Duarte;14/03/1969;Financeiro;Diretor;Tecnólogo;Feminino;0;0;2883
Dr. Matheus das Neves;04/09/1991;Vendas;Gerente;Graduação;Masculino;0;0;10222
Dr. Juan Gomes;16/11/1969;Marketing;Gerente;Tecnólogo;Masculino;0;0;3629
Sra. Catarina Barros;17/07/1980;TI;Assistente;Tecnólogo;Masculino;1;18;17343
Benjamin Moura;11/10/1979;Financeiro;C-level;Fundamental;Masculino;0;0;12433
Dr. Bernardo Freitas;04/03/2004;Produção;Diretor;Tecnólogo;Masculino;0;0;9213
Alana Vieira;20/08/1975;Operações;Gerente;Mestrado;Masculino;0;0;9422
Bianca Aragão;18/04/2001;Financeiro;Analista;Tecnólogo;Masculino;0;0;7378
Luiz Miguel Caldeira;07/12/1978;Vendas;Analista;Fundamental;Masculino;0;0;2464
Dra. Natália da Mota;17/02/1968;Logística;Estagiário;Tecnólogo;Feminino;0;0;17363
Ana Vitória Nogueira;17/05/1967;Jurídico;C-level;Fundamental;Masculino;0;0;11522
Caroline Barbosa;17/06/2005;Operações;Estagiário;Graduação;Masculino;0;0;17391
Davi Alves;28/01/1988;Financeiro;Assistente;Ensino Médio;Feminino;0;0;11362
Laís da Mata;19/09/1966;Jurídico;Estagiário;Graduação;Feminino;0;0;10814
Yago Martins;08/09/1963;Operações;C-level;Graduação;Masculino;0;0;7048
Erick Campos;18/08/1983;Jurídico;C-level;Fundamental;Masculino;0;0;2333
Vicente da Paz;13/11/1994;Financeiro;Estagiário;Ensino Médio;Feminino;1;1;8654
Davi Luiz Ribeiro;15/09/1986;Operações;C-level;Fundamental;Feminino;0;0;10721
Alexia Pinto;20/02/1976;Marketing;Estagiário;Ensino Médio;Feminino;0;0;15084
Maria Fernanda Gonçalves;01/04/1972;Marketing;Assistente;Graduação;Masculino;0;0;7169
Heitor Nogueira;25/11/1961;Jurídico;Diretor;Tecnólogo;Masculino;0;0;18448
Sr. Theo Moura;16/11/2001;Produção;Diretor;Doutorado;Feminino;1;26;14105
Dr. Ian Azevedo;15/06/1997;Marketing;Analista;Doutorado;Masculino;0;0;14358
Olivia Cardoso;06/11/1988;Marketing;Diretor;Mestrado;Masculino;0;0;5191
Ryan Silva;05/07/1981;RH;Gerente;Doutorado;Feminino;0;0;6738
Dr. Caio Correia;22/02/1970;Marketing;Coordenador;Graduação;Feminino;0;0;7529
Renan Campos;15/09/1972;Operações;Analista;Fundamental;Masculino;0;0;16690
Carolina Novaes;11/03/1967;Logística;Analista;Ensino Médio;Feminino;0;0;15124
Dra. Bárbara Porto;02/09/1988;Jurídico;Assistente;Mestrado;Masculino;0;0;10384
Maria Cecília Aragão;06/08/1983;Produção;C-level;Fundamental;Feminino;0;0;8163
Srta. Nicole Rodrigues;20/03/1961;Operações;Diretor;Ensino Médio;Feminino;0;0;12481
Júlia Cardoso;06/08/1985;Financeiro;Coordenador;Doutorado;Masculino;0;0;11084
Bernardo Alves;30/09/1993;RH;Coordenador;Doutorado;Masculino;0;0;5013
Luiza Oliveira;07/03/1980;Produção;Estagiário;Graduação;Masculino;0;0;17409
Cecília Cunha;25/07/1972;TI;Estagiário;Graduação;Masculino;0;0;13968
Mirella Peixoto;25/08/1980;Financeiro;Diretor;Tecnólogo;Masculino;1;21;19590
Ana Julia Novaes;14/10/1962;TI;Diretor;Doutorado;Feminino;0;0;16573
Daniel Duarte;08/08/1992;Jurídico;Gerente;Mestrado;Feminino;1;11;19648
Alexandre da Mata;07/10/1964;Financeiro;Assistente;Graduação;Masculino;0;0;18170
Dr. Samuel Ramos;26/04/1993;Produção;Coordenador;Fundamental;Masculino;0;0;6524
Maria Cecília Cunha;26/05/2004;Operações;Assistente;Graduação;Masculino;0;0;4414
Melissa da Rocha;25/04/1980;Produção;Diretor;Tecnólogo;Feminino;0;0;9778
Maria Julia Oliveira;16/06/1985;Vendas;Analista;Graduação;Masculino;0;0;4896
Sr. Miguel da Mata;05/11/1988;Operações;Gerente;Doutorado;Masculino;1;40;15764
Bianca Ribeiro;28/02/1964;RH;Assistente;Ensino Médio;Feminino;0;0;19096
Cauê Pinto;07/07/1949;Produção;Estagiário;Doutorado;Masculino;0;0;6493
Dr. Benício Martins;20/09/1977;Logística;Gerente;Ensino Médio;Masculino;0;0;10232
Beatriz da Rosa;30/06/1982;Jurídico;Diretor;Ensino Médio;Masculino;0;0;18589
Srta. Olivia Melo;05/08/1949;TI;Estagiário;Ensino Médio;Feminino;0;0;2259
Dr. Leandro Castro;26/05/1987;Operações;Estagiário;Tecnólogo;Feminino;0;0;19474
Bruna Farias;08/10/1978;Logística;Diretor;Mestrado;Masculino;0;0;14118
João Miguel Rezende;09/11/1972;Produção;C-level;Fundamental;Feminino;1;38;8331
Lavínia Duarte;25/05/2002;Marketing;Assistente;Ensino Médio;Masculino;1;46;7654
Gabrielly Azevedo;04/12/2006;Financeiro;Gerente;Tecnólogo;Feminino;0;0;11197
Sr. Ian Cardoso;20/09/2003;Financeiro;Diretor;Mestrado;Masculino;0;0;7393
Heitor Campos;31/10/1990;Logística;Diretor;Fundamental;Masculino;0;0;15151
Larissa Carvalho;01/10/1987;RH;Coordenador;Ensino Médio;Feminino;0;0;14105
Bruno Cunha;05/09/2002;Logística;C-level;Graduação;Masculino;0;0;10318
Alícia Oliveira;01/07/1979;Marketing;Analista;Mestrado;Feminino;1;10;8798
Ana Barbosa;01/11/1967;Operações;Gerente;Fundamental;Masculino;0;0;13350
Sarah Moraes;30/10/1949;Produção;Coordenador;Graduação;Masculino;0;0;16696
Mariane Farias;24/05/1966;Marketing;Coordenador;Tecnólogo;Masculino;0;0;2387
João Nunes;02/07/2001;Logística;Gerente;Doutorado;Feminino;0;0;11944
Heloísa Rodrigues;20/09/1971;RH;Assistente;Tecnólogo;Masculino;0;0;3362
Agatha Silva;24/02/1999;Financeiro;Diretor;Mestrado;Feminino;1;6;10905
Lucca Alves;07/11/1991;Financeiro;C-level;Mestrado;Masculino;0;0;6892
Bruno Duarte;04/01/1989;Operações;C-level;Mestrado;Feminino;0;0;13516
Maria Sophia Moraes;20/08/1970;RH;Diretor;Tecnólogo;Masculino;0;0;2175
Cauã Pinto;07/09/1995;Jurídico;Assistente;Doutorado;Masculino;1;25;8776
Srta. Maria das Neves;06/11/1979;TI;Diretor;Tecnólogo;Feminino;0;0;16395
Emanuella Azevedo;10/05/1974;TI;Diretor;Mestrado;Feminino;0;0;11760
Sr. Francisco Moura;03/02/1998;TI;Assistente;Mestrado;Feminino;0;0;2947
Sophia da Rocha;11/03/1972;Vendas;Diretor;Tecnólogo;Masculino;0;0;9390
Kamilly da Conceição;22/09/2004;Jurídico;Diretor;Doutorado;Masculino;1;21;11457
Sra. Maitê da Paz;05/11/1993;Produção;Assistente;Graduação;Feminino;0;0;7797
Gabriel Moraes;26/03/1982;RH;Estagiário;Fundamental;Feminino;0;0;4749
Fernanda Dias;29/04/1999;Logística;Diretor;Fundamental;Feminino;0;0;18821
Ana Clara Aragão;28/05/1961;Vendas;Coordenador;Fundamental;Masculino;0;0;10169
Dr. João Gonçalves;01/07/1984;Jurídico;Gerente;Ensino Médio;Masculino;0;0;7607
Ana Carolina Jesus;15/01/2002;Logística;Analista;Graduação;Feminino;0;0;6361
Srta. Bruna da Cunha;10/01/1961;Marketing;C-level;Ensino Médio;Feminino;0;0;6925
Vitor Rodrigues;16/12/1997;Financeiro;Estagiário;Tecnólogo;Masculino;0;0;16171
Emilly Melo;24/06/1998;Marketing;Coordenador;Ensino Médio;Feminino;0;0;6110
Pedro Lucas Rodrigues;12/07/2001;Marketing;Gerente;Graduação;Feminino;1;40;9181
Arthur da Cruz;26/08/1991;Marketing;Analista;Doutorado;Feminino;1;20;6660
Erick Moura;26/05/1979;Logística;Assistente;Fundamental;Feminino;0;0;14192
Diogo Monteiro;27/02/1961;Marketing;C-level;Mestrado;Masculino;0;0;18618
Luiz Henrique Duarte;18/08/1961;Marketing;Gerente;Fundamental;Feminino;0;0;10826
Juliana Rodrigues;13/05/1962;Produção;Diretor;Fundamental;Masculino;0;0;12158
Emanuella Gomes;01/03/1992;Logística;Assistente;Mestrado;Masculino;0;0;8054
Samuel Fernandes;26/11/1993;RH;Estagiário;Doutorado;Masculino;0;0;18625
João Gabriel Barbosa;08/11/1969;Produção;Assistente;Graduação;Feminino;1;48;7232
Melissa da Cunha;02/08/1974;Vendas;Gerente;Mestrado;Masculino;0;0;13951
Maria Eduarda da Mota;01/08/1972;Marketing;Estagiário;Graduação;Feminino;0;0;17179
Benício Cunha;01/01/1962;Jurídico;Gerente;Ensino Médio;Feminino;1;34;9940
Paulo Carvalho;31/07/1971;Marketing;Estagiário;Fundamental;Masculino;0;0;6979
Luiz Otávio da Luz;18/11/1976;Marketing;Diretor;Graduação;Feminino;0;0;5800
Giovanna Freitas;30/05/1960;Jurídico;Gerente;Mestrado;Masculino;0;0;4944
Clarice Fogaça;27/06/1970;Marketing;Gerente;Ensino Médio;Masculino;1;5;8562
Dra. Ana Carolina da Paz;16/09/1962;Operações;Assistente;Tecnólogo;Feminino;0;0;5230
Davi Lucca Campos;09/09/1972;TI;Gerente;Fundamental;Feminino;0;0;2297
Ana Clara Fogaça;24/08/1949;Jurídico;C-level;Ensino Médio;Masculino;0;0;3616
Sr. Matheus Pereira;12/10/1981;Marketing;C-level;Graduação;Masculino;0;0;14596
Srta. Mirella Silva;01/03/1969;TI;Estagiário;Doutorado;Masculino;0;0;18857
Sr. Breno Araújo;08/01/1972;Jurídico;Coordenador;Mestrado;Masculino;1;50;4548
Renan Freitas;10/01/1963;Marketing;Diretor;Graduação;Masculino;1;37;8597
Sarah Pires;25/09/1989;Produção;Estagiário;Doutorado;Feminino;0;0;10617
Isis Pinto;13/07/1969;Logística;Assistente;Graduação;Masculino;0;0;15491
Luiz Henrique Sales;03/06/1969;Jurídico;Gerente;Doutorado;Masculino;0;0;10853
Renan Nunes;11/04/1986;Operações;Diretor;Doutorado;Masculino;0;0;17240
Marcelo Carvalho;08/02/1994;RH;Gerente;Fundamental;Masculino;0;0;6238
Pedro Miguel Moraes;30/05/1980;Financeiro;Assistente;Tecnólogo;Masculino;0;0;18386
Dr. Matheus Correia;04/03/1984;Operações;Diretor;Tecnólogo;Masculino;0;0;12939
Maria Rezende;07/07/1994;Produção;Estagiário;Tecnólogo;Feminino;0;0;2941
Enrico Lima;03/10/2004;Vendas;Diretor;Tecnólogo;Masculino;1;11;13711
Dra. Eduarda Peixoto;02/09/1960;Logística;Analista;Fundamental;Feminino;0;0;7828
Pedro Miguel Moura;26/03/1963;Logística;Coordenador;Tecnólogo;Masculino;0;0;15330
Sr. Gustavo Silva;01/10/1987;TI;Estagiário;Fundamental;Feminino;0;0;5284
Enzo Melo;03/09/1974;RH;Coordenador;Tecnólogo;Masculino;0;0;6809
Alice Campos;24/04/1985;Logística;Assistente;Mestrado;Masculino;0;0;13626
Raul Dias;30/06/1999;Financeiro;Coordenador;Mestrado;Feminino;0;0;14241
Dra. Giovanna da Rocha;28/04/1966;Logística;C-level;Graduação;Feminino;0;0;8345
Vitor Gabriel Sales;27/09/1978;RH;C-level;Ensino Médio;Masculino;0;0;19884
Dr. Breno Pinto;09/05/1990;RH;Gerente;Tecnólogo;Feminino;0;0;10129
Giovanna Castro;16/10/1975;Produção;C-level;Tecnólogo;Feminino;1;23;18684
Luana Nascimento;18/02/1983;Financeiro;Gerente;Mestrado;Feminino;0;0;6671
Emanuelly Mendes;22/09/1977;Vendas;Estagiário;Graduação;Masculino;0;0;6308
Igor Freitas;30/12/2006;Operações;C-level;Mestrado;Feminino;0;0;12247
Antônio Lima;25/11/1986;RH;Analista;Graduação;Feminino;0;0;12146
Sophie Alves;26/04/1971;RH;Coordenador;Ensino Médio;Masculino;1;17;12684
Fernando Costa;07/10/1995;Operações;C-level;Mestrado;Masculino;1;10;10037
Benjamin Mendes;10/10/1980;RH;Estagiário;Fundamental;Masculino;1;6;2174
Fernanda da Conceição;29/01/1971;Marketing;Coordenador;Ensino Médio;Feminino;0;0;18290
Fernando Costela;29/10/1994;RH;Assistente;Ensino Médio;Masculino;0;0;8870
Giovanna Azevedo;10/02/1997;Logística;Coordenador;Doutorado;Masculino;0;0;7312
Sr. Ryan Silva;31/05/1976;Logística;C-level;Tecnólogo;Feminino;0;0;9428
Dra. Yasmin Ramos;24/09/1974;Jurídico;Coordenador;Tecnólogo;Masculino;0;0;7124
Henrique Duarte;11/09/1977;Financeiro;Coordenador;Mestrado;Feminino;1;10;9727
Rafaela Azevedo;25/04/1986;Marketing;Analista;Graduação;Feminino;0;0;15100
Pedro Lucas Caldeira;16/02/2005;Logística;Coordenador;Tecnólogo;Feminino;0;0;19053
Letícia Moraes;06/11/1962;Financeiro;C-level;Graduação;Masculino;0;0;18160
Matheus Cardoso;13/03/1985;Marketing;Estagiário;Doutorado;Masculino;0;0;17597
Lívia Ramos;12/03/1992;Vendas;Gerente;Ensino Médio;Feminino;0;0;15827
Danilo Sales;29/10/2004;RH;Assistente;Fundamental;Masculino;0;0;7383
André Moreira;27/02/1994;TI;Estagiário;Doutorado;Feminino;0;0;19226
Ana Moraes;19/04/1972;TI;Estagiário;Tecnólogo;Feminino;0;0;17208
Gustavo Almeida;02/04/1975;Operações;Gerente;Tecnólogo;Masculino;0;0;11968
Gustavo Henrique da Conceição;25/03/1997;TI;Analista;Fundamental;Feminino;0;0;12436
Caio Fernandes;25/09/1966;Jurídico;Analista;Graduação;Masculino;0;0;7814
Eduarda Silva;25/01/1965;Marketing;Estagiário;Mestrado;Masculino;1;50;10904
Dra. Laura Alves;05/04/1988;Vendas;Estagiário;Graduação;Feminino;0;0;13757
Heitor Silva;19/04/1992;Jurídico;Assistente;Fundamental;Masculino;1;4;12824
Benício Viana;07/01/1968;Jurídico;Diretor;Fundamental;Masculino;0;0;9233
Bernardo Almeida;07/07/1995;Financeiro;Analista;Fundamental;Masculino;0;0;8835
Joaquim Pinto;18/01/1973;RH;Gerente;Graduação;Masculino;1;36;11023
Bianca da Luz;01/11/1963;Operações;Estagiário;Fundamental;Masculino;0;0;11645
Lara Correia;22/01/1980;Logística;Diretor;Ensino Médio;Masculino;0;0;2344
Srta. Maria Clara Souza;06/07/2001;Operações;C-level;Ensino Médio;Masculino;0;0;13876
Luiz Fernando Barros;30/07/2000;Operações;Estagiário;Tecnólogo;Masculino;0;0;18888
Dra. Elisa Novaes;04/05/1992;TI;Estagiário;Doutorado;Feminino;0;0;18897
